
CREATE TABLE articulos (
  codart varchar2(8) NOT NULL ,
  descrip varchar2(60) default NULL,
  precio number(7,2) default NULL,
  stock number(6) default NULL,
  stock_min number(6) default 0,
  PRIMARY KEY  (codart)
);

INSERT INTO articulos VALUES ('1967346', 'PROLONGADOR DOBLE 2,5 M', 750.0, 1, 1);
INSERT INTO articulos VALUES ('2309987', 'PROLONGADOR DOBLE 5,0 M', 1225.0, 4, 4);
INSERT INTO articulos VALUES ('3204209', 'PROLONGADOR CUADUPLE 2,5 M', 850.0, 1, 1);
INSERT INTO articulos VALUES ('3987348', 'PROLONGADOR CUADUPLE 20,0 M', 2025.0, 2, 2);
INSERT INTO articulos VALUES ('4283200', 'PROLONGADOR DOBLE 10,0 M', 1550.0, 3, 3);
INSERT INTO articulos VALUES ('4565467', 'PROLONGADOR SENCILLO 10,0 M', 1200.0, 4, 1);
INSERT INTO articulos VALUES ('6579878', 'PROLONGADOR SENCILLO 5,0 M', 700.0, 1, 1);
INSERT INTO articulos VALUES ('7897999', 'PROLONGADOR SENCILLO 2,5 M', 525.0, 2, 1);
INSERT INTO articulos VALUES ('8340098', 'PROLONGADOR CUADUPLE 5,0 M', 1350.0, 2, 1);
INSERT INTO articulos VALUES ('8394800', 'PROLONGADOR CUADUPLE 10,0 M', 1725.0, 2, 2);
INSERT INTO articulos VALUES ('B10000B', 'CORTACICUITO BJC IBIZA BLACO', 147.0, 11, 7);
INSERT INTO articulos VALUES ('B10001B', 'MARCO BJC 1 E BLANCO', 229.0, 1, 1);
INSERT INTO articulos VALUES ('B10005B', 'MARCO BJC 2 E IBIZA BLANCO', 654.0, 1, 1);
INSERT INTO articulos VALUES ('B10006B', 'MARCO BJC 3 E IBIZA BLANCO', 738.0, 6, 3);
INSERT INTO articulos VALUES ('B10007B', 'PLACA 2 E, BJC SERIE OLIMPIA', 11362.0, 1, 1);
INSERT INTO articulos VALUES ('B10009B', 'PLACA 3 E, BJC SERIE OLIMPIA', 927.0, 2, 1);
INSERT INTO articulos VALUES ('B10010B', 'INTERRUPTOR BJC SERIE OLIMPIA', 1186.0, 2, 1);
INSERT INTO articulos VALUES ('B10022B', 'INTERRUPTOR CON VISOR BJC SERIE O', 450.0, NULL, 6);
INSERT INTO articulos VALUES ('B10023B', 'CONMUTADOR BJC SERIE OLIMPIA', 519.0, 6, 1);
INSERT INTO articulos VALUES ('B10025B', 'CONMUTADOR CON VISOR BJC SERIE OL', 475.0, 4, 4);
INSERT INTO articulos VALUES ('B10028B', 'CRUZAMIENTO  BJC SERIE OLIMPIA', 728.0, 2, 1);
INSERT INTO articulos VALUES ('B10200B', 'CRUZAMIENTO BJC OLIMPIA CON VISOR', 147.0, 29, NULL);
INSERT INTO articulos VALUES ('B10201B', 'DOBLE INTERRUPTOR BJC SERIE OLIMP', 229.0, 12, 3);
INSERT INTO articulos VALUES ('B10202B', 'DOBLE CONMUTADOR BJC OLIMPIA', 388.0, 11, 2);
INSERT INTO articulos VALUES ('B14001B', 'PULSADOR TIMBRE CON VISOR BJC SER', 240.0, 6, 3);
INSERT INTO articulos VALUES ('B14002B', 'PULSADOR BJC OLIMPIA', 326.0, 14, 13);
INSERT INTO articulos VALUES ('B14005', 'PULSADOR LUZ CON VISOR BJC SERIE', 409.0, 2, 1);
INSERT INTO articulos VALUES ('B14005L', 'BASE NORMAL BJC SERIE OLIMPIA', 867.0, 5, 4);
INSERT INTO articulos VALUES ('B14006', 'BASE T,T, LATERAL BJC SERIE OLIMP', 464.0, 7, 7);
INSERT INTO articulos VALUES ('B14006L', 'BASE CON T,T, BJC SERIE OLIMPIA', 922.0, 2, 1);
INSERT INTO articulos VALUES ('B14007', 'CORTACIRCUITOS BJC SERIE OLIMPIA', 889.0, 2, 2);
INSERT INTO articulos VALUES ('B14007L', 'REGULADOR BJC OLIMPIA', 1347.0, 1, 1);
INSERT INTO articulos VALUES ('B14009', 'LUMINARIA BJC LAMPARA VAPOR MERCU', 746.0, 4, 2);
INSERT INTO articulos VALUES ('B14010', 'CAJA BJC SUPERFICIE ESTANCO 1 ELE', 869.0, 1, 1);
INSERT INTO articulos VALUES ('B14016L', 'CAJA BJC SUPERFICIE ESTANCA II115', 864.0, 4, 4);
INSERT INTO articulos VALUES ('B14017', 'FLECTOR BJC APARATO ESTOQUE', 406.0, 10, 7);
INSERT INTO articulos VALUES ('B14017L', 'PANTALLA INDUSTRIAL BJC 2 X 40 M', 864.0, 1, 1);
INSERT INTO articulos VALUES ('B14022', 'INTERRUPTOR BJC METROPOLI III', 291.0, 2, 2);
INSERT INTO articulos VALUES ('B14023', 'BASE DE ENCHUFE BJC METROPOLI II', 305.0, 14, 14);
INSERT INTO articulos VALUES ('B14025', 'CABLE COBRE   1 x 16    - Kgr -', 387.0, 8, 7);
INSERT INTO articulos VALUES ('B14028', 'CABLE COBRE   1 x 25    - Kgr -', 411.0, 11, 8);
INSERT INTO articulos VALUES ('B14038', 'CABLE COBRE   1 x 35    - Kgr -', 4133.0, 1, 1);
INSERT INTO articulos VALUES ('B20320', 'CABLE COBRE DESNUDO 1X50', 8252.0, 1, 1);
INSERT INTO articulos VALUES ('B6000', 'INTRAMUR   2 x 1', 764.0, 5, 3);
INSERT INTO articulos VALUES ('B6009', 'INTRAMUR   2 x 1,5', 1264.0, 1, 1);
INSERT INTO articulos VALUES ('B914B', 'BASE DE ENCHUFE NIESEN LISA BLAN', 275.0, 9, 6);
INSERT INTO articulos VALUES ('B924B', 'PLACA 2 ELEMENTOS NIESEN LISA B', 380.0, 13, 8);
INSERT INTO articulos VALUES ('B930B', 'CORTACIRCUITO NIESEN LISA BLANCO', 391.0, 4, 2);
INSERT INTO articulos VALUES ('B932B', 'BASE DE ENCHUFE NIESEN LISA BLAN', 429.0, 1, 1);
INSERT INTO articulos VALUES ('B933B', 'PLACA 1 ELEMENTO NIESEN LISA B', 482.0, 2, 1);
INSERT INTO articulos VALUES ('B944B', 'PULSADOR NIESEN LISA CAMPANA B', 431.0, 8, 4);
INSERT INTO articulos VALUES ('BF243B', 'INTRAMUR   2 x 2,5', 2602.0, 1, 1);
INSERT INTO articulos VALUES ('BF261M', 'INTRAMUR   2 x 4', 4687.0, 1, 1);
INSERT INTO articulos VALUES ('BU3002', 'INTRAMUR   3 x 1', 753.0, 3, 1);
INSERT INTO articulos VALUES ('BU3013', 'INTRAMUR   3 x 1,5', 289.0, 8, 5);
INSERT INTO articulos VALUES ('CAJA2', 'BASE TFNO TICINO TEKNE', 5680.0, 1, 1);
INSERT INTO articulos VALUES ('CD1X16', 'INTRAMUR   3 x 2,5', 890.0, 5, 3);
INSERT INTO articulos VALUES ('CD1X25', 'INTRAMUR   3 x 4', 890.0, 3, 1);
INSERT INTO articulos VALUES ('CD1X35', 'PIREPOL GAS MANGUERA   2 x 1', 586.0, 4, 1);
INSERT INTO articulos VALUES ('CD1X50', 'PIREPOL GAS MANGUERA   2 x 1,5', 586.0, 5, 3);
INSERT INTO articulos VALUES ('CENTRA1', 'CORTACIRCUITO BJC LINIAL', 52427.0, 1, 1);
INSERT INTO articulos VALUES ('CI2X1', 'PIREPOL GAS MANGUERA   2 x 2,5', 68.0, 6, 2);
INSERT INTO articulos VALUES ('CI2X1,5', 'PIREPOL GAS MANGUERA   2 x 4', 87.0, 28, 20);
INSERT INTO articulos VALUES ('CI2X2,5', 'PIREPOL GAS MANGUERA   3 x 1', 120.0, 11, 10);
INSERT INTO articulos VALUES ('CI2X4', 'PIREPOL GAS MANGUERA   3 x 1,5', 167.0, 14, 10);
INSERT INTO articulos VALUES ('CI3X1', 'PIREPOL GAS MANGUERA   3 x 2,5', 105.0, 45, 33);
INSERT INTO articulos VALUES ('CI3X1,5', 'PIREPOL GAS MANGUERA   3 x 4', 132.0, 35, 34);
INSERT INTO articulos VALUES ('CI3X2,5', 'PIREPOL GAS MANGUERA   4 x 1', 184.0, 4, 3);
INSERT INTO articulos VALUES ('CI3X4', 'PIREPOL GAS MANGUERA   4 x 1,5', 210.0, 11331, 2584);
INSERT INTO articulos VALUES ('CICP', 'BASE ESSCO BJC IBIZA BLANCO', 13398.0, 1, 1);
INSERT INTO articulos VALUES ('CM2X1', 'PIREPOL GAS MANGUERA   4 x 2,5', 100.0, 36, 23);
INSERT INTO articulos VALUES ('CM2X1,5', 'PIREPOL N  1 X 1', 124.0, 36, NULL);
INSERT INTO articulos VALUES ('CM2X2,5', 'PIREPOL N  1 x 1,5', 184.0, 4, 3);
INSERT INTO articulos VALUES ('CM2X4', 'PIREPOL N   1 x 10', 243.0, 3, 1);
INSERT INTO articulos VALUES ('CM3X1', 'PIREPOL N   1 x 16', 124.0, 24, 4);
INSERT INTO articulos VALUES ('CM3X1,5', 'PIREPOL N  1 x 2,5', 167.0, 22, 5);
INSERT INTO articulos VALUES ('CM3X2,5', 'PIREPOL N  1 x 25', 234.0, 9, 7);
INSERT INTO articulos VALUES ('CM3X4', 'PIREPOL N   1 x 35', 320.0, 1, 1);
INSERT INTO articulos VALUES ('CM4X1', 'PIREPOL N   1 x 4', 160.0, 5, 3);
INSERT INTO articulos VALUES ('CM4X1,5', 'PIREPOL N  1 x 6', 209.0, 7, 7);
INSERT INTO articulos VALUES ('CM4X2,5', 'PARALELO 2 x 0,5', 289.0, 2, 1);
INSERT INTO articulos VALUES ('CN1X1', 'PARALELO   2 x 0,7', 14.2, 320, 175);
INSERT INTO articulos VALUES ('CN1X1,5', 'PARALELO 2 x 1', 19.3, 15, 7);
INSERT INTO articulos VALUES ('CN1X10', 'PARALELO   2 x 1,5', 128.4, 28, 19);
INSERT INTO articulos VALUES ('CN1X16', 'PARALELO   2 x 2,5', 250.0, 13, 10);
INSERT INTO articulos VALUES ('CN1X2,5', 'PARALELO 3 x 0,75', 32.0, 52, NULL);
INSERT INTO articulos VALUES ('CN1X25', 'PARALELO   3 x 1', 406.0, 5, 2);
INSERT INTO articulos VALUES ('CN1X35', 'PARALELO   3 x 1,5', 562.0, 1, 1);
INSERT INTO articulos VALUES ('CN1X4', 'PARALELO   3 x 2,5', 50.0, 17, 15);
INSERT INTO articulos VALUES ('CN1X6', 'HOJO DE BUEY DORADO R63', 77.0, 52, 32);
INSERT INTO articulos VALUES ('CP2X0,5', 'HOJO DE BUEY BLANCO R 63', 40.0, 124, 42);
INSERT INTO articulos VALUES ('CP2X0,7', 'HOJO DE BUEY BLANCO R 90', 42.0, 105, 67);
INSERT INTO articulos VALUES ('CP2X1', 'HOJO DE BUEY ORIENTABLE DORADO R6', 46.0, 14, NULL);
INSERT INTO articulos VALUES ('CP2X1,5', 'HOJO DE BUEY ORIENTABLE BLANCO R6', 52.0, 96, 94);
INSERT INTO articulos VALUES ('CP2X2,5', 'HOJO DE BUEY ORIENTABLE DORADO L', 105.0, 41, 11);
INSERT INTO articulos VALUES ('CP3X0,7', 'CHASIS PARA CAJA HIMEL 43-140', 80.0, 1, 1);
INSERT INTO articulos VALUES ('CP3X1', 'INTERRUPTOR DIFERENCIAL 2 P, 25 A', 105.0, 37, 2);
INSERT INTO articulos VALUES ('CP3X1,5', 'INTERRUPTOR DIFERENCIAL  2 P, 40', 125.0, 2, 1);
INSERT INTO articulos VALUES ('CP3X2,5', 'IMTERRUPTOR DIFERENCIAL P 2 40 A', 160.0, 8, 1);
INSERT INTO articulos VALUES ('CPT001', 'TUBO FLUORESCENTE 36W TLD', 350.0, 13, 7);
INSERT INTO articulos VALUES ('CPT002', 'TUBO FLUORESCENTE 40W COLOR', 310.0, 9, 3);
INSERT INTO articulos VALUES ('CPT200', 'TUBO FLUORESCENTE 20W LUZ NEGRA', 2100.0, 2, 2);
INSERT INTO articulos VALUES ('FAF36L', 'LAMPARA ESF R14 60W CLARA', 895.0, 4, 3);
INSERT INTO articulos VALUES ('FELM3', 'PLACA CIEGA TICINO TEKNE', 24500.0, 1, 1);
INSERT INTO articulos VALUES ('FO5/140', 'INTERRUPTOR DIFERENCIAL  4 P, 25', 1780.0, 2, 2);
INSERT INTO articulos VALUES ('FO5/141', 'INTERRUPTOR DIFERENCIAL  4 P, 25', 1303.0, 2, 2);
INSERT INTO articulos VALUES ('FO5/143', 'INTERRUPTOR DIFERENCIAL  4 P, 40', 1403.0, 2, 2);
INSERT INTO articulos VALUES ('FO5/16', 'INTERRUPTOR DIFERENCIAL  4 P, 40', 4600.0, 1, 1);
INSERT INTO articulos VALUES ('FO5/17', 'INTERRUPTOR DIFERENCIAL  4 P, 63', 3450.0, 1, 1);
INSERT INTO articulos VALUES ('FO5/50', 'INTERRUPTOR DIFERENCIAL  4 P, 63', 4200.0, 1, 1);
INSERT INTO articulos VALUES ('HICH36', 'INTERRUPTOR MAGNETOTERMICO 1P, 1', 4755.0, 1, 1);
INSERT INTO articulos VALUES ('ID22530', 'INTERRUPTOR MAGNETOTERMICO  1P, 1', 7920.0, 1, 1);
INSERT INTO articulos VALUES ('ID24030', 'INTERRUPTOR MAGNETOTERMICO  1P, 1', 8385.0, 1, 1);
INSERT INTO articulos VALUES ('ID24030N', 'INTERRUPTOR MAGNETOTERMICO  1P, 1', 1660.0, 1, 1);
INSERT INTO articulos VALUES ('ID42530', 'INTERRUPTOR MAGNETOTERMICO  1P, 2', 14535.0, 1, 1);
INSERT INTO articulos VALUES ('ID425300', 'INTERRUPTOR MAGNETOTERMICO  1P, 2', 12285.0, 1, 1);
INSERT INTO articulos VALUES ('ID44030', 'INTERRUPTOR MAGNETOTERMICO  1P, 2', 15670.0, 1, 1);
INSERT INTO articulos VALUES ('ID440300', 'INTERRUPTOR MAGNETOTERMICO  1P, 2', 13250.0, 1, 1);
INSERT INTO articulos VALUES ('ID46330', 'INTERRUPTOR MAGNETOTERMICO  1P, 3', 34000.0, 1, 1);
INSERT INTO articulos VALUES ('ID463300', 'INTERRUPTOR MAGNETOTERMICO  1P, 3', 17480.0, 1, 1);
INSERT INTO articulos VALUES ('IM1P10L', 'INTERRUPTOR MAGNETOTERMICO  1P, 5', 1145.0, 3, 2);
INSERT INTO articulos VALUES ('IM1P10V', 'MAGNETOTERMICO 2 POLOS 15 A', 1345.0, 2, 2);
INSERT INTO articulos VALUES ('IM1P15L', 'MAGNETOTERMICO 2 POLOS 25 A', 1145.0, 1, 1);
INSERT INTO articulos VALUES ('IM1P15V', 'MAGNETOTERMICO 2 POLOS 30 A', 1345.0, 2, 1);
INSERT INTO articulos VALUES ('IM1P20L', 'INTERRUPTOR MAGNETOTERMICO  2P, 1', 1145.0, 2, 2);
INSERT INTO articulos VALUES ('IM1P20V', 'INTERRUPTOR MAGNETOTERMICO  2P, 1', 1345.0, 3, 1);
INSERT INTO articulos VALUES ('IM1P25L', 'INTERRUPTOR MAGNETOTERMICO  2P, 1', 1145.0, 3, 1);
INSERT INTO articulos VALUES ('IM1P25V', 'INTERRUPTOR MAGNETOTERMICO  2P, 1', 1343.0, 2, 2);
INSERT INTO articulos VALUES ('IM1P32L', 'INTERRUPTOR MAGNETOTERMICO  2P, 2', 1395.0, 2, 2);
INSERT INTO articulos VALUES ('IM1P32V', 'INTERRUPTOR MAGNETOTERMICO  2P, 2', 1482.0, 1, 1);
INSERT INTO articulos VALUES ('IM1P5L', 'INTERRUPTOR MAGNETOTERMICO 2P, 2', 1330.0, 1, 1);
INSERT INTO articulos VALUES ('IM2710', 'INTERRUPTOR NIESEN LISA BLANCO', 1443.0, 1, 1);
INSERT INTO articulos VALUES ('IM2F15', 'INTERRUPTOR MAGNETOTERMICO 2P, 2', 2730.0, 1, 1);
INSERT INTO articulos VALUES ('IM2F25', 'INTERRUPTOR MAGNETOTERMICO 2P, 3', 2730.0, 1, 1);
INSERT INTO articulos VALUES ('IM2F30', 'INTERRUPTOR MAGNETOTERMICO 2P, 3', 2876.0, 1, 1);
INSERT INTO articulos VALUES ('IM2P10L', 'INTERRUPTOR MAGNETOTERMICO  2P, 4', 2470.0, 2, 1);
INSERT INTO articulos VALUES ('IM2P10V', 'INTERRUPTOR MAGNETOTERMICO  2P, 5', 3010.0, 1, 1);
INSERT INTO articulos VALUES ('IM2P15L', 'INTERRUPTOR MAGNETOTERMICO  3P, 1', 2397.0, 1, 1);
INSERT INTO articulos VALUES ('IM2P15V', 'INTERRUPTOR MAGNETOTERMICO  3P, 1', 3010.0, 1, 1);
INSERT INTO articulos VALUES ('IM2P20L', 'INTERRUPTOR MAGNETOTERMICO  3P, 1', 2470.0, 1, 1);
INSERT INTO articulos VALUES ('IM2P20V', 'INTERRUPTOR MAGNETOTERMICO  3P, 1', 2901.0, 1, 1);
INSERT INTO articulos VALUES ('IM2P25L', 'INTERRUPTOR MAGNETOTERMICO  3P, 2', 2470.0, 2, 2);
INSERT INTO articulos VALUES ('IM2P25V', 'INTERRUPTOR MAGNETOTERMICO  3P, 2', 2901.0, 1, 1);
INSERT INTO articulos VALUES ('IM2P32L', 'INTERRUPTOR MAGNETOTERMICO  3P, 2', 2825.0, 1, 1);
INSERT INTO articulos VALUES ('IM2P32V', 'INTERRUPTOR MAGNETOTERMICO  3P, 2', 3012.0, 1, 1);
INSERT INTO articulos VALUES ('IM2P40L', 'INTERRUPTOR MAGNETOTERMICO  3P, 3', 3234.0, 1, 1);
INSERT INTO articulos VALUES ('IM2P5L', 'INTERRUPTOR MAGNETOTERMICO 3P, 3', 2534.0, 1, 1);
INSERT INTO articulos VALUES ('IM3P10L', 'INTERRUPTOR MAGNETOTERMICO  3P, 4', 3704.0, 1, 1);
INSERT INTO articulos VALUES ('IM3P10V', 'INTERRUPTOR MAGNETOTERMICO 50 A U', 4376.0, 1, 1);
INSERT INTO articulos VALUES ('IM3P15L', 'INTERRUPTOR MAGNETOTERMICO  3P, 5', 3704.0, 1, 1);
INSERT INTO articulos VALUES ('IM3P15V', 'INTERRUPTOR MAGNETOTERMICO  4P, 1', 4376.0, 1, 1);
INSERT INTO articulos VALUES ('IM3P20L', 'INTERRUPTOR MAGNETOTERMICO  4P, 1', 3704.0, 1, 1);
INSERT INTO articulos VALUES ('IM3P20V', 'INTERRUPTOR MAGNETOTERMICO  4P, 1', 4376.0, 1, 1);
INSERT INTO articulos VALUES ('IM3P25L', 'INTERRUPTOR MAGNETOTERMICO  4P, 1', 3704.0, 1, 1);
INSERT INTO articulos VALUES ('IM3P25V', 'INTERRUPTOR MAGNETOTERMICO  4P, 2', 4376.0, 1, 1);
INSERT INTO articulos VALUES ('IM3P32L', 'INTERRUPTOR MAGNETOTERMICO  4P, 2', 3847.0, 1, 1);
INSERT INTO articulos VALUES ('IM3P32V', 'INTERRUPTOR MAGNETOTERMICO  4P, 2', 4494.0, 1, 1);
INSERT INTO articulos VALUES ('IM3P40L', 'INTERRUPTOR MAGNETOTERMICO  4P, 2', 4940.0, 1, 1);
INSERT INTO articulos VALUES ('IM3P50U', 'INTERRUPTOR MAGNETOTERMICO  4P, 3', 8550.0, 1, 1);
INSERT INTO articulos VALUES ('IM3P5L', 'INTERRUPTOR MAGNETOTERMICO 4P, 3', 3916.0, 1, 1);
INSERT INTO articulos VALUES ('IM4P10L', 'INTERRUPTOR MAGNETOTERMICO  4P, 4', 5424.0, 1, 1);
INSERT INTO articulos VALUES ('IM4P10V', 'INTERRUPTOR MAGNETOTERMICO  4P, 5', 6514.0, 1, 1);
INSERT INTO articulos VALUES ('IM4P15L', 'CONTACTOR GARDY 20A III', 4424.0, 1, 1);
INSERT INTO articulos VALUES ('IM4P15V', 'CONTACTOR GARDY 40A II', 6514.0, 1, 1);
INSERT INTO articulos VALUES ('IM4P20L', 'CONTACTOR GARDY 40A III', 5424.0, 1, 1);
INSERT INTO articulos VALUES ('IM4P20V', 'DESCONECTADOR GARDY III 160 A', 6514.0, 1, 1);
INSERT INTO articulos VALUES ('IM4P25L', 'INTERRUPTOR MAGNETOTERMICO F-N, 1', 5424.0, 1, 1);
INSERT INTO articulos VALUES ('IM4P25V', 'INTERRUPTOR MAGNETOTERMICO  F-N,', 6514.0, 1, 1);
INSERT INTO articulos VALUES ('IM4P32L', 'INTERRUPTOR MAGNETOTERMICO F-N, 2', 5624.0, 1, 1);
INSERT INTO articulos VALUES ('IM4P32V', 'INTERRUPTOR MAGNETOTERMICO F-N, 2', 8544.0, 1, 1);
INSERT INTO articulos VALUES ('IM4P40L', 'INTERRUPTOR MAGNETOTERMICO F-N, 3', 7040.0, 1, 1);
INSERT INTO articulos VALUES ('IM4P5L', 'INTERRUPTOR MAGNETOTERMICO F-N,', 5722.0, 1, 1);
INSERT INTO articulos VALUES ('IMC20III', 'INTERRUPTOR MAGNETOTERMICO F-N, 5', 4180.0, 1, 1);
INSERT INTO articulos VALUES ('IMC40II', 'BASE T,T, LATERAL RIEL LEGRAND', 5156.0, 1, 1);
INSERT INTO articulos VALUES ('IMC40III', 'TEMPORIZADOR LEGRANG', 7803.0, 1, 1);
INSERT INTO articulos VALUES ('IMD160', 'INTERRUPTOR HORARIO LEGRAND', 9652.0, 1, 1);
INSERT INTO articulos VALUES ('IMFN10L', 'INTERRUPTOR HORARIO CON RESERVA L', 2133.0, 1, 1);
INSERT INTO articulos VALUES ('IMFN15L', 'INTERRUPTOR HORARIO POGRAMA SEMAN', 2133.0, 1, 1);
INSERT INTO articulos VALUES ('IMFN20L', 'CARTUCHO FUSIBLE LEGRA 6,3X23 4 A', 2133.0, 1, 1);
INSERT INTO articulos VALUES ('IMFN25L', 'CARTUCHO FUSIBLE LEGRAND 6,3X6 6A', 2133.0, 2, 1);
INSERT INTO articulos VALUES ('IMFN32L', 'CARTUCHO FUSIBLE LEGRAND 6,3X23 1', 2213.0, 1, 1);
INSERT INTO articulos VALUES ('IMFN40L', 'CARTUCHOS FUSIBLES OO 6A LEGRAN', 2964.0, 1, 1);
INSERT INTO articulos VALUES ('IMFN5L', 'CARTUCHO FUSIBLE LEGRAND 10,3X38', 2457.0, 2, 2);
INSERT INTO articulos VALUES ('L03240', 'CARTUCHO FUSIBLE LEGRAND 14X51 40', 625.0, 1, 1);
INSERT INTO articulos VALUES ('L03701', 'CARTUCHO FUSIBLE LEGRAND 14X51 50', 3141.0, 1, 1);
INSERT INTO articulos VALUES ('L03752', 'CARTUCHO FUSIBLE LEGRAND 22X58 40', 4650.0, 1, 1);
INSERT INTO articulos VALUES ('L03753', 'CARTUCHO FUSIBLE LEGRAND 22X58 63', 6655.0, 1, 1);
INSERT INTO articulos VALUES ('l03755', 'TUBO FLUORESCENTE 15 W', 8424.0, 1, 1);
INSERT INTO articulos VALUES ('L03756', 'CARTUCHO FUSIBLE LEGRAND T2 80 A', 6971.0, 1, 1);
INSERT INTO articulos VALUES ('L10304', 'CARTUCHO FUSIBLE LEGRAND T2 100 A', 144.0, 29, 24);
INSERT INTO articulos VALUES ('L10306', 'BASES DE CUCHILLAS LEGRAND T00', 144.0, 15, 6);
INSERT INTO articulos VALUES ('L10310', 'CARTUCHO FUSIBLE LEGRAND T00 63 A', 144.0, 24, 17);
INSERT INTO articulos VALUES ('L123010', 'CARTUCHO FUSIBLE LEGRAND T00 100', 45.0, 36, 1);
INSERT INTO articulos VALUES ('L13420', 'CARTUCHO FUSIBLE LEGRAND T00 125', 80.0, 17, 10);
INSERT INTO articulos VALUES ('L14340', 'BASES DE FUSIBLES CUCHILLAS T0', 85.0, 3, 3);
INSERT INTO articulos VALUES ('L14350', 'CARTUCHO FUSIBLE LEGRAND T0 100 A', 110.0, 1, 1);
INSERT INTO articulos VALUES ('L15340', 'CARTUCHO FUSIBLE LEGRAND T0 125 A', 175.0, 3, 2);
INSERT INTO articulos VALUES ('L15363', 'CARTUCHO FUSIBLE LEGRAND T0 160 A', 175.0, 27, 24);
INSERT INTO articulos VALUES ('L15380', 'PUENTE NEUTRO LEGRAND T00', 184.0, 14, 6);
INSERT INTO articulos VALUES ('L15396', 'BASE FUSIBLES CUCHILLAS LEGRAND T', 204.0, 18, 2);
INSERT INTO articulos VALUES ('L16000', 'CARTUCHIO FUSIBLE LEGRAND 160 A T', 694.0, 6, 1);
INSERT INTO articulos VALUES ('L16035', 'CARTUCHO FUSIBLE LEGRAND T1 160 A', 695.0, 3, 3);
INSERT INTO articulos VALUES ('L16045', 'CARTUCHO FUSIBLE LEGRAND T1 250 A', 705.0, 5, 3);
INSERT INTO articulos VALUES ('L16050', 'CARTUCHO FUSIBLE LEGRNAD 160 T1', 575.0, 1, 1);
INSERT INTO articulos VALUES ('L16500', 'CARTUCHO FUSIBLE LEGRAND T2 160 A', 1025.0, 1, 1);
INSERT INTO articulos VALUES ('L16545', 'CARTUCHO FUSIBLE LEGRAND T2 200 A', 980.0, 2, 2);
INSERT INTO articulos VALUES ('L16550', 'CARTUCHO FUSIBLE LEGRAND T2 250 A', 980.0, 1, 1);
INSERT INTO articulos VALUES ('L16555', 'CARTUCHO FUSIBLE LEGRAND T2 315 A', 980.0, 3, 3);
INSERT INTO articulos VALUES ('L16804', 'CARTUCHO FUSIBLE LEGRAND T2 400 A', 504.0, 3, 1);
INSERT INTO articulos VALUES ('L17000', 'PUENTE NEUTRO LEGRAND T2', 1575.0, 1, 1);
INSERT INTO articulos VALUES ('L17055', 'BASES DE FUSIBLE CUCHILLAS T3', 1330.0, 3, 3);
INSERT INTO articulos VALUES ('L17060', 'PUENTE NEUTRO LEGRAND T3', 1350.0, 2, 2);
INSERT INTO articulos VALUES ('L17065', 'BASES DE FUSIBLE CUCHILLAS T4', 1350.0, 2, 1);
INSERT INTO articulos VALUES ('L17355', 'GRAPILLON  HASTA 3 x 1,5', 1195.0, 3, 2);
INSERT INTO articulos VALUES ('L17555', 'COLLARINES LEGRAND L180', 1735.0, 1, 1);
INSERT INTO articulos VALUES ('L17560', 'COLLARINES LEGRAND L280', 1735.0, 1, 1);
INSERT INTO articulos VALUES ('L17565', 'BORNAS 2 x 6 LEGRAND', 1735.0, 1, 1);
INSERT INTO articulos VALUES ('L17570', 'BORNAS 2 x 10 LEGRAND', 1845.0, 1, 1);
INSERT INTO articulos VALUES ('L17575', 'BORNAS 2 x 16 LEGRAND', 1845.0, 2, 2);
INSERT INTO articulos VALUES ('L17804', 'BORNAS 2 x 25 LEGRAND', 1035.0, 3, 3);
INSERT INTO articulos VALUES ('L18100', 'BORNAS 2 x 35 LEGRAND', 3856.0, 1, 1);
INSERT INTO articulos VALUES ('L18104', 'BORNAS CLIC 2 x 30 LEGRAND', 2452.0, 1, 1);
INSERT INTO articulos VALUES ('L18500', 'BORNAS CLIC 2 x 50 LEGRAND', 88617.0, 1, 1);
INSERT INTO articulos VALUES ('L31577', 'BORNAS CLIC 2 x 75 LEGRAND', 5.0, 448, 326);
INSERT INTO articulos VALUES ('L32038', 'BORNAS CLIC 2 x 120 LEGRAND', 6.0, 372, 141);
INSERT INTO articulos VALUES ('L32043', 'REGLETAS  4 mm LEGRAND', 11.0, 41, 4);
INSERT INTO articulos VALUES ('L34000', 'REGLETAS 6 mm LEGRAND', 399.0, 6, 1);
INSERT INTO articulos VALUES ('L34001', 'REGLETAS 10 mm LEGRAND', 501.0, 3, 3);
INSERT INTO articulos VALUES ('L34002', 'REGLETAS 16 mm LEGRAND', 548.0, 4, 3);
INSERT INTO articulos VALUES ('L34003', 'REGLETAS 25 mm LEGRAND', 1260.0, 1, 1);
INSERT INTO articulos VALUES ('L34004', 'PUENTE TIERRA LEGRAND', 1536.0, 3, 1);
INSERT INTO articulos VALUES ('L34043', 'BORNAS LEGRAN 6MM', 305.0, 11, 7);
INSERT INTO articulos VALUES ('L34044', 'BORNAS RIEL LEGRAND 25M/M', 477.0, 7, 4);
INSERT INTO articulos VALUES ('L34045', 'BORNAS DE RIEL LEGRAND 35 M/M', 855.0, 3, 1);
INSERT INTO articulos VALUES ('L34047', 'BORNAS DE RIEL LEGRAND 70 M/M', 3234.0, 1, 1);
INSERT INTO articulos VALUES ('L34211', 'BORNAS DE RIEL LEGRAND TOMA TIERR', 102.0, 11, 5);
INSERT INTO articulos VALUES ('L34213', 'BORNAS DE RIEL LEGRAND TOMA DE TI', 109.0, 45, 13);
INSERT INTO articulos VALUES ('L34215', 'IMTERRUPTOR LEGRAND III SALIENTE', 139.0, 25, 22);
INSERT INTO articulos VALUES ('L34217', 'TELERRUPTOR LEGRAND', 221.0, 19, 2);
INSERT INTO articulos VALUES ('L34219', 'TELERRUPTOR LEGRAND', 602.0, 6, 1);
INSERT INTO articulos VALUES ('L34389', 'INTERRUPTOR CREPUSCULAR LEGRAND', 608.0, 2, 2);
INSERT INTO articulos VALUES ('L37062', 'BASE MULTIPRE 4 BASES LEGRAN', 102.0, 46, 41);
INSERT INTO articulos VALUES ('L37066', '4 BASES DE ENCHUFE LEGRANG SUPERF', 227.0, NULL, 2);
INSERT INTO articulos VALUES ('L37068', 'BASE TIPRE LEGRANG SUPERFICIE', 286.0, 5, 3);
INSERT INTO articulos VALUES ('L37099', 'CLAVIJA LEGRAND II POLOS 20A', 1136.0, 4, 1);
INSERT INTO articulos VALUES ('L37374', 'BASE LEGRAND II POLOS TT 25 A', 352.0, 14, 12);
INSERT INTO articulos VALUES ('L37378', 'BASE ENCHUFE 20 A, LEGRAND', 570.0, 1, 1);
INSERT INTO articulos VALUES ('L46164', 'CLAVIJA 20 A, LEGRAND', 2089.0, 1, 1);
INSERT INTO articulos VALUES ('L49107', 'BASE ENCHUFE 32 A, LEGRAND', 1605.0, 1, 1);
INSERT INTO articulos VALUES ('L49119', 'BASES LEGRAND 16A INCLINADA', 2790.0, 1, 1);
INSERT INTO articulos VALUES ('L49842', 'BASE AEREA LEGRAND III-N-TT', 4940.0, 1, 1);
INSERT INTO articulos VALUES ('L50510', 'BASE LEGRAND 3P+T 16A EMPOTRAR CU', 410.0, 6, 4);
INSERT INTO articulos VALUES ('L50512', 'CLAVIJA LEGRAND 16', 510.0, 2, 1);
INSERT INTO articulos VALUES ('L50540', 'CLAVIJA LEGRAND III-N-TT', 606.0, 4, 3);
INSERT INTO articulos VALUES ('L55152', 'BASE LEGRAND 3P+T 32 A EMPOTRAR C', 513.0, 9, 8);
INSERT INTO articulos VALUES ('L55423', 'CLAVIJA LEGRAND 32A III-TT', 476.0, 9, 6);
INSERT INTO articulos VALUES ('L55432', 'INTERRUPTOR 1 M, LEGRAND SERIE MO', 618.0, 7, 7);
INSERT INTO articulos VALUES ('L55802', 'CONMUTADOR 1 M, LEGRAND SERIE MOS', 928.0, 1, 1);
INSERT INTO articulos VALUES ('L55812', 'INTERRUPTOR 2 M, LEGRAND SERIE MO', 1154.0, 3, 3);
INSERT INTO articulos VALUES ('L57308', 'CONMUTADOR 2 M, LEGRAND SERIE MOS', 1075.0, 1, 1);
INSERT INTO articulos VALUES ('L57309', 'CRUZAMIENTO 2 M, LEGRAND SERIE MO', 1390.0, 1, 1);
INSERT INTO articulos VALUES ('L57368', 'CRUZAMIENTO 1 M, LEGRAND SERIE MO', 1040.0, 4, 1);
INSERT INTO articulos VALUES ('L57428', 'BASE ENCHUFE NORMAL 1 M, LEGRAND', 836.0, 5, 5);
INSERT INTO articulos VALUES ('L57429', 'BASE ENCHUFE NORMAL 2 M, LEGRAND', 1020.0, 4, 1);
INSERT INTO articulos VALUES ('l58068', 'TUBO FLUORESCENTE 18W TLD', 1060.0, 4, 1);
INSERT INTO articulos VALUES ('L58069', 'BASE ENCHUFE T,T, 2 M, LEGRAND SE', 1130.0, 4, 2);
INSERT INTO articulos VALUES ('L58128', 'BASE ENCHUFE SCHUCO 2 M, LEGRAND', 1040.0, 3, 3);
INSERT INTO articulos VALUES ('L76010', 'BASE ENCHUFE T,T, 1 M, LEGRAND SE', 278.0, 14, 2);
INSERT INTO articulos VALUES ('L76011', 'TOMA ALTAVOZ 1 M, LEGRAND SERIE M', 308.0, NULL, 12);
INSERT INTO articulos VALUES ('L76014', 'TOMA TELEFONO 2 M, LEGRAND SERIE', 363.0, 13, 8);
INSERT INTO articulos VALUES ('L76015', 'CORTACIRCUITOS 10A, 2M, LEGRAND S', 396.0, 6, 3);
INSERT INTO articulos VALUES ('L76041', 'CORTACIRCUITOS 10 A, 1 M, LEGRAND', 782.0, 2, 1);
INSERT INTO articulos VALUES ('L76046', 'CORTACIRCUITOS 16A, 1 M, LEGRAND', 897.0, 5, 5);
INSERT INTO articulos VALUES ('L76104', 'PULSADOR PUS LEGRANG MOSAIC', 275.0, 8, 2);
INSERT INTO articulos VALUES ('L76114', 'PULSADOR LEGRAND MOSAIC CAMPANA P', 327.0, NULL, 10);
INSERT INTO articulos VALUES ('L76121', 'PULSADOR LEGRAND MOSAIC LUZ PLANO', 226.0, 14, 9);
INSERT INTO articulos VALUES ('L76126', 'PIEZA 3 E, LEGRAND SERIE MOSAIC', 365.0, 7, 6);
INSERT INTO articulos VALUES ('L76138', 'PIEZA 4 E, LEGRAND SERIE MOSAIC', 189.0, 20, 18);
INSERT INTO articulos VALUES ('L76151', 'PIEZA 6 E, LEGRAND SERIE MOSAIC', 264.0, 7, 7);
INSERT INTO articulos VALUES ('L76165', 'PIEZA 1 E, LEGRAND SERIE MOSAIC', 700.0, 7, 7);
INSERT INTO articulos VALUES ('L76176', 'PLACA 1 E, LEGRAND SERIE MOSAIC', 675.0, 2, 1);
INSERT INTO articulos VALUES ('L76177', 'PLACA 2 E, LEGRNAD SERIE MOSAIC', 460.0, 5, 4);
INSERT INTO articulos VALUES ('L76179', 'PLACA 1 E, LEGRAND SERIE MOSAIC', 525.0, 4, 1);
INSERT INTO articulos VALUES ('L76424', 'PLACA 2 E, LEGRAND SERIE MOSAIC', 483.0, 5, 2);
INSERT INTO articulos VALUES ('L76425', 'PLACA 3 E, LEGRAND SERIE MOSAIC', 525.0, 6, 5);
INSERT INTO articulos VALUES ('L76427', 'PLACA 4 E, LEGRAND SERIE MOSAIC', 525.0, 1, 1);
INSERT INTO articulos VALUES ('L77205', 'PLACA 6 E, LEGRAND SERIE MOSAIC', 99.0, 28, 5);
INSERT INTO articulos VALUES ('L77207', 'PLACA 6 E, CON VISOR LEGRAND SERI', 113.0, 37, 19);
INSERT INTO articulos VALUES ('L77211', 'PIEZA Y PLACA 6-6 E, LEGRAND SERI', 162.0, NULL, 8);
INSERT INTO articulos VALUES ('L77220', 'LAMPARA LEGRAND 220V', 53.0, 9, 4);
INSERT INTO articulos VALUES ('L77251', 'INTERRUPTOR LEGRANG GALION', 97.0, 26, 21);
INSERT INTO articulos VALUES ('L77252', 'COMUTADOR LEGRANG GALION', 80.0, 14, 8);
INSERT INTO articulos VALUES ('L77253', 'DOBLE INTERRUPTOR LEGRAND GALION', 215.0, 16, 10);
INSERT INTO articulos VALUES ('L77254', 'PULSADOR LEGRAN SUPERFICIE', 214.0, 9, 6);
INSERT INTO articulos VALUES ('L77255', 'TOMA CORRIENTE SUPERFICIE LEGRAND', 133.0, 28, 13);
INSERT INTO articulos VALUES ('L77256', 'BASE ENCHUFE TT LEGRAND SUPERFICI', 180.0, NULL, 23);
INSERT INTO articulos VALUES ('L77258', 'INTERRUPTOR LEGRAND DIPLOMAT', 232.0, 13, 3);
INSERT INTO articulos VALUES ('L77708', 'COMUTADOR LEGRAND DIPLOMAT', 520.0, 7, 1);
INSERT INTO articulos VALUES ('L77712', 'DOBLE INTERRUPTOR LEGRAND DIPLOMA', 1820.0, 2, 1);
INSERT INTO articulos VALUES ('L78008', 'CRUZAMIENTO LEGRAND DIPLOMAT', 203.0, NULL, 6);
INSERT INTO articulos VALUES ('L83000', 'PULSADOR LEGRAND DIPLOMAT', 433.0, 1, 1);
INSERT INTO articulos VALUES ('L83001', 'TOMA DE CORRIENTE TT LATERAL LEGR', 482.0, 5, 5);
INSERT INTO articulos VALUES ('L83002', 'DOBLE COMUTADOR LEGRAND DIPLOMAT', 765.0, 1, 1);
INSERT INTO articulos VALUES ('L83005', 'ADACTADOR LEGRAND LUMINOSO', 550.0, 5, 2);
INSERT INTO articulos VALUES ('L83021', 'DIFUSOR LEGRNAD INCOLORO', 308.0, 13, 13);
INSERT INTO articulos VALUES ('L83029', 'DIFUSOR PARA TAPA LEGRAND SERIE D', 564.0, 5, 4);
INSERT INTO articulos VALUES ('L85300', 'ADACTADOR LEGRAND ROJO', 391.0, 8, 1);
INSERT INTO articulos VALUES ('L85301', 'DIFUSOR LEGRAND ROJO TIMBRE', 470.0, 1, 1);
INSERT INTO articulos VALUES ('L85302', 'DIFUSOR LEGRAND ROJO LUZ', 566.0, 4, 4);
INSERT INTO articulos VALUES ('L85304', 'REGULADOR DE LUZ 600W LEGRAND DIP', 674.0, 6, 1);
INSERT INTO articulos VALUES ('L85310', 'TOMA LATERAL LEGRAND DIPLOMAT MAR', 426.0, 1, 1);
INSERT INTO articulos VALUES ('L85318', 'TOMA LATERAL LEGRAND DIPLOMAT BEI', 233.0, 1, 1);
INSERT INTO articulos VALUES ('L85320', 'TOMA LATERAL LEGRAND DIPLOMAT', 975.0, 3, 2);
INSERT INTO articulos VALUES ('L85323', 'TPMA DESPLAZADA LEGRAND DIPLOMAT', 256.0, 16, 9);
INSERT INTO articulos VALUES ('L85390', 'TOMA DESPLAZADA LEGRAND DIPLOMAT', 43.0, 39, 31);
INSERT INTO articulos VALUES ('L85392', 'TOMA DESPLAZADA LEGRAND DIPLOMAT', 45.0, 76, 5);
INSERT INTO articulos VALUES ('L85393', 'TOMA DESPLAZADA LEGRAND DIPLOMAT', 68.0, NULL, 38);
INSERT INTO articulos VALUES ('L85396', 'TOMA LATERAL LEGRAND DIPLOMAT MOK', 80.0, 17, 13);
INSERT INTO articulos VALUES ('L85397', 'TOMA LATERAL LEGRAND DIPLOMAT BLA', 73.0, 46, 39);
INSERT INTO articulos VALUES ('L85410', 'MARCO LEGRAND 1 ELEMENTO MARFIL', 3464.0, 1, 1);
INSERT INTO articulos VALUES ('L85445', 'MARCO LEGRAND 2 ELEMENTOS MARFIL', 393.0, 6, 4);
INSERT INTO articulos VALUES ('L85447', 'MARCO LEGRAND 3 ELEMENTOS MARFIL', 388.0, 5, 4);
INSERT INTO articulos VALUES ('L85450', 'MARCO LEGRAND 1 ELEMENTO BEIGE', 620.0, 7, 4);
INSERT INTO articulos VALUES ('L85457', 'MARCO LEGRAND 2 ELEMENTOS BEIGE', 434.0, 10, 4);
INSERT INTO articulos VALUES ('L85458', 'MARCO LEGRAND 3 ELEMENTOS BEIGE', 466.0, 9, 9);
INSERT INTO articulos VALUES ('L85459', 'TECLA LEGRAND MARFIL', 466.0, 8, 4);
INSERT INTO articulos VALUES ('L85460', 'TECLA DOBLE INTERRUPTOR LEGRANG D', 434.0, 10, 3);
INSERT INTO articulos VALUES ('L85487', 'TECLA LEGRAND BEIGE', 388.0, 11, 11);
INSERT INTO articulos VALUES ('L85489', 'TECLA LEGRAND DIFUSORES MARFIL', 379.0, 3, 3);
INSERT INTO articulos VALUES ('L85500', 'TECLA DIFUSORES LEGRAND BEIGE', 107.0, 23, 16);
INSERT INTO articulos VALUES ('L85501', 'MARCO LEGRAND 1 ELEMENTO MOKA', 179.0, 24, 10);
INSERT INTO articulos VALUES ('L85502', 'MARCO LEGRAND 2 ELEMENTOS MOKA', 290.0, 10, 8);
INSERT INTO articulos VALUES ('L85508', 'MARCO LEGRAND 3 ELEMENTOS MOKA', 112.0, 8, 1);
INSERT INTO articulos VALUES ('L85509', 'MARCO LEGRAND 1 ELEMENTO BLANCO', 179.0, 9, 5);
INSERT INTO articulos VALUES ('L85510', 'MARCO LEGRAND 2 ELEMENTOS BLANCO', 327.0, 10, 6);
INSERT INTO articulos VALUES ('L85512', 'MARCO LEGRAND 3 ELEMENTOS BLANCO', 227.0, NULL, 9);
INSERT INTO articulos VALUES ('L85514', 'TECLA LEGRAN MOKA', 289.0, 2, 1);
INSERT INTO articulos VALUES ('L85522', 'TECLA DIFUSORES LEGRAND MOKA', 255.0, 6, 6);
INSERT INTO articulos VALUES ('L85526', 'TECLA LEGRAND BLANCO', 244.0, 5, 4);
INSERT INTO articulos VALUES ('L85532', 'TAPA PARA INTERRUPTOR BLANCO LEGR', 250.0, 2, 1);
INSERT INTO articulos VALUES ('L85540', 'TECLA DOBLE LEGRAND DIPROMAT', 110.0, NULL, 5);
INSERT INTO articulos VALUES ('L85541', 'MARCO LEGRAND 1 ELEMENTO BRONCE', 178.0, 6, 4);
INSERT INTO articulos VALUES ('L85542', 'MARCO LEGRAND 2 ELEMENTOS BRONCE', 294.0, 7, 1);
INSERT INTO articulos VALUES ('L85545', 'MARCO LEGRAND 3 ELEMENTOS BRONCE', 107.0, 41, 5);
INSERT INTO articulos VALUES ('L85546', 'TECLA DIFUSORES LEGRAND BRONCE', 174.0, 13, 5);
INSERT INTO articulos VALUES ('L85547', 'TECLA BASE TT LATERAL LEGRANG DIP', 289.0, 14, NULL);
INSERT INTO articulos VALUES ('L85650', 'TECLA C/C LEGRANG DIPLOMAT BLANCO', 255.0, 1, 1);
INSERT INTO articulos VALUES ('L85651', 'TOMA DE CORRIENTE LEGRAND DIPLOMA', 259.0, 2, 1);
INSERT INTO articulos VALUES ('L85660', 'CORTACIRCUITO LEGRANG DIPLOMAT', 252.0, 1, 1);
INSERT INTO articulos VALUES ('L85661', 'TOMA DE CORRIENTE NORMAL LEGRANG', 246.0, 10, 2);
INSERT INTO articulos VALUES ('L85664', 'TOMA CORRIENTE DESPL TT LEGRANG D', 312.0, 4, 1);
INSERT INTO articulos VALUES ('L85683', 'TOMA DE TELEFONO LEGRANG DIPLOMAT', 407.0, 7, 6);
INSERT INTO articulos VALUES ('L85684', 'TECLA BASE LEGRANG DIPLOMAT BLANC', 675.0, 4, 4);
INSERT INTO articulos VALUES ('L85685', 'TECLA BASE LEGRANG DIPLOMAT MARFI', 947.0, 2, 1);
INSERT INTO articulos VALUES ('L85706', 'TECLA BASE TT LATERAL LEGRANG DIP', 525.0, 6, 2);
INSERT INTO articulos VALUES ('L85725', 'TECLA BASE LATERAL LEGRANG DIPLOM', 102.0, 26, 14);
INSERT INTO articulos VALUES ('L85803', 'TOMA TELEFONO BLANCO LEGRAND SERI', 330.0, 15, 8);
INSERT INTO articulos VALUES ('L85943', 'CAJA 1 E, LEGRAND SERIE MOSAIC', 658.0, 3, 2);
INSERT INTO articulos VALUES ('L86221', 'CAJA 4 E, LEGRNAD SERIE MOSAIC', 490.0, 5, 4);
INSERT INTO articulos VALUES ('L86223', 'CAJA 6 E, LEGRAND SERIE MOSAIC', 234.0, 10, 8);
INSERT INTO articulos VALUES ('L86225', 'CAJA 3 E, LEGRAND SERIE MOSAIC', 363.0, 11, 3);
INSERT INTO articulos VALUES ('L86231', 'CAJA 2 E, SUPERFICIE LEGRAND SERI', 934.0, 1, 1);
INSERT INTO articulos VALUES ('L86330', 'CAJA 4 E, SUPERFICIE LEGRAND SERI', 153.0, 8, 2);
INSERT INTO articulos VALUES ('L86331', 'CAJA 6 E, SUPERFICIE LEGRAND SERI', 153.0, 6, 1);
INSERT INTO articulos VALUES ('L86350', 'CAJA LEGRAND 6 - 6 Elem, LEGRAND', 80.0, 28, 19);
INSERT INTO articulos VALUES ('L86351', 'LAMPARA PULSADOR LEGRANG SUPERFIC', 80.0, 29, 7);
INSERT INTO articulos VALUES ('L86390', 'TOMA FLEXO LEGRAND TRAS CUADRO', 1109.0, 3, 3);
INSERT INTO articulos VALUES ('L89125', 'INTERRUPTOR LEGRANG SUPERFICIE ES', 150.0, 29, 12);
INSERT INTO articulos VALUES ('L89126', 'PULSADOR LEGRANG SUPERFICIE ESTAN', 180.0, 10, 8);
INSERT INTO articulos VALUES ('L89127', 'PULSADOR LEGRAND SUPERFICIE ESTAN', 281.0, 2, 2);
INSERT INTO articulos VALUES ('L89159', 'PULSADOR LEGRAD DE SUPERFICIE', 70.0, 38, 29);
INSERT INTO articulos VALUES ('L89320', 'CAJA EMPALME 70 LEGRAND', 222.0, 20, 1);
INSERT INTO articulos VALUES ('L89322', 'CAJA EMPALME 160 x 135', 362.0, 8, 4);
INSERT INTO articulos VALUES ('L89333', 'CAJA EMPALME 220 x 170 LEGRAND', 459.0, 6, 6);
INSERT INTO articulos VALUES ('L89365', 'CAJA EMPALME 80 LEGRAND', 1456.0, 3, 1);
INSERT INTO articulos VALUES ('L89821', 'CAJA EMPALME 100 x 100 LEGRAND', 102.0, 23, 11);
INSERT INTO articulos VALUES ('L90336', 'CAJA EMPALME 153 x 110 LEGRAND', 782.0, 2, 1);
INSERT INTO articulos VALUES ('L91800', 'CAJA EMPALME 310 x 240 LEGRAND', 580.0, 6, 2);
INSERT INTO articulos VALUES ('L91812', 'REGLETA FLUORESCENTE 1CX40', 683.0, 1, 1);
INSERT INTO articulos VALUES ('L91814', 'TUBO FLUORESCENTE 40W', 816.0, 6, 1);
INSERT INTO articulos VALUES ('L91827', 'PORTALAMPARAS DOBLE ENCHUFE R27', 988.0, 2, 1);
INSERT INTO articulos VALUES ('L92010', 'PORTALAMPARAS ECONOMICO R27', 115.0, 7, 7);
INSERT INTO articulos VALUES ('L92117', 'PORTALAMPARAS CURBO 14', 730.0, 4, 1);
INSERT INTO articulos VALUES ('L92119', 'PORTALANPARAS 14 CURBO', 995.0, 2, 1);
INSERT INTO articulos VALUES ('L92212', 'SOFITO 60 W', 172.0, 2, 1);
INSERT INTO articulos VALUES ('L92222', 'TE DE EMPALME CARRIL ILUMINADO', 270.0, 15, 6);
INSERT INTO articulos VALUES ('L92252', 'APLIQUE ESTANCO OBALADO', 645.0, 4, 2);
INSERT INTO articulos VALUES ('L92282', 'PORTOLAMPARAS PARA BOMBILLA ALOGE', 6748.0, 1, 1);
INSERT INTO articulos VALUES ('LA1425EC', 'REACTANCIA FLUORESCENTE 40W', 95.0, 52, 6);
INSERT INTO articulos VALUES ('LA1425EM', 'REACTANCIA VAPOR MERCURIO 125W', 95.0, 42, 15);
INSERT INTO articulos VALUES ('LA1440EC', 'REACTANCIA FLUERESCENTE 32W', 95.0, 17, 4);
INSERT INTO articulos VALUES ('LA1440EM', 'REACTANCIA VAPOR MERCURIO 80W', 950.0, 2, 1);
INSERT INTO articulos VALUES ('LA1460EC', 'REACTANCIA TUBO FLUORESCENTE 20W', 95.0, 24, 25);
INSERT INTO articulos VALUES ('LA1460EM', 'REACTANCIA FLUORESCENTE 65W', 95.0, 35, 32);
INSERT INTO articulos VALUES ('LA1X40', 'PANTALLA FLUORESCENTE 1X40 DIFUSO', 1550.0, 3, 1);
INSERT INTO articulos VALUES ('LA2725EC', 'TRANSFORMADOR 12V 50W', 95.0, 51, 20);
INSERT INTO articulos VALUES ('LA2740EC', 'REACTANCIA VAPOR MERCURIO 400W', 95.0, 12, 5);
INSERT INTO articulos VALUES ('LA2760EC', 'REACTANCIA VAPOR MERCURIO 250W', 95.0, 32, 20);
INSERT INTO articulos VALUES ('LA2760EM', 'LAMPARA VAPOR MERCURIO 125W', 95.0, 6, 1);
INSERT INTO articulos VALUES ('LA40', 'PORACEBADOR', 300.0, 4, 3);
INSERT INTO articulos VALUES ('LAA50', 'LAMPARA ESF R14 25W MATE', 1000.0, 2, 1);
INSERT INTO articulos VALUES ('LAC20', 'DOBLE INTERRUPTOR UNESA METROPOLI', 125.0, 19, 13);
INSERT INTO articulos VALUES ('LAC40', 'PLAFON ESTANCO OBALADO 60 W', 125.0, NULL, 12);
INSERT INTO articulos VALUES ('LACO18F', 'PLAFON ESTANCO CILINDRICO 100 W', 780.0, 2, 2);
INSERT INTO articulos VALUES ('LACU1500', 'TERMICO SIEMENS 4 X 25 A', 3200.0, 1, 1);
INSERT INTO articulos VALUES ('LACU300', 'CENTRALIZACION 3 MONO 1 COMERCIAL', 1000.0, 1, 1);
INSERT INTO articulos VALUES ('LAD100', 'REGLETA FLUORESCENTE 2X20', 130.0, 34, 33);
INSERT INTO articulos VALUES ('LAD60', 'VICERA PLACA 2 ELEMENTOS', 130.0, 25, 17);
INSERT INTO articulos VALUES ('LADU16', 'CONDENSADOR 18 M FARADIOS', 1990.0, 2, 1);
INSERT INTO articulos VALUES ('LADU36', 'REGLETA FLUORESCENTE 1X40 W', 2272.0, 1, 1);
INSERT INTO articulos VALUES ('LAE100', 'LAMPARA ESF R27 60W CLARA', 85.0, 21, 1);
INSERT INTO articulos VALUES ('LAE25', 'LAMPERA ESF R27 40W MATE', 85.0, 57, 11);
INSERT INTO articulos VALUES ('LAE40', 'LAMPARA ESF R27 25W CLARA', 85.0, 9, 6);
INSERT INTO articulos VALUES ('LAE60', 'LAMPARA ESF R27 40W CLARA', 85.0, 14, 5);
INSERT INTO articulos VALUES ('LAF15', 'LAMPARA STANDRD 60W CLARA', 470.0, 7, 5);
INSERT INTO articulos VALUES ('LAF18L', 'LAMPARA STANDRD 40W CLARA', 895.0, 3, 1);
INSERT INTO articulos VALUES ('LAF20', 'TUBO FLUORESCENTE 65W TLD', 270.0, 13, 11);
INSERT INTO articulos VALUES ('LAF20N', 'LAMPARA STANDRD 25W CLARA', 2400.0, 2, 1);
INSERT INTO articulos VALUES ('LAF22C', 'TUBO FLUORESCENTE 8W', 900.0, 5, 4);
INSERT INTO articulos VALUES ('LAF32C', 'LAMPARA ALOGENA 50 W', 900.0, 4, 2);
INSERT INTO articulos VALUES ('LAF40', 'TUBO FLUORESCENTE 65W', 270.0, 15, 13);
INSERT INTO articulos VALUES ('LAF40C', 'LAMPARA STANDRD 100W CLARA', 1200.0, 2, 1);
INSERT INTO articulos VALUES ('LAF40CO', 'LAMPARA ESF R14 40 CLARA', 1100.0, 4, 3);
INSERT INTO articulos VALUES ('LAF65', 'LAMPARA ESF R14 25W CLARA', 550.0, 6, 6);
INSERT INTO articulos VALUES ('LAF65L', 'LAMPARA ESF R14 60W MATE', 1220.0, 1, 1);
INSERT INTO articulos VALUES ('LAF8', 'LAMPARA ESF R14 40W MATE', 800.0, 2, 2);
INSERT INTO articulos VALUES ('LAM160', 'CEBADOR 20 W', 1400.0, 3, 2);
INSERT INTO articulos VALUES ('LAM250', 'CEBADOR 40 W', 2450.0, 1, 1);
INSERT INTO articulos VALUES ('LAMCVO', 'BASE TT DESPLAZADA BJC IBIZA BLAN', 150.0, 18, 18);
INSERT INTO articulos VALUES ('LAMP27D', 'PORTALAMPARAS PORCELANA 27', 250.0, 18, 12);
INSERT INTO articulos VALUES ('LAMP27E', 'PANTALLA CONDIFUSOR A RALLAS 1X32', 60.0, 26, 23);
INSERT INTO articulos VALUES ('LAMPC14', 'PATALLA CON PROTECTOR 1X40W', 60.0, 3, 3);
INSERT INTO articulos VALUES ('LAMPT14', 'PROTECTOR TUBO FLUORESCENTE 18 W', 60.0, 69, 3);
INSERT INTO articulos VALUES ('LAMSOFI', 'PORTATUBO FLUORESCENTE', 600.0, 3, 2);
INSERT INTO articulos VALUES ('LAMTE', 'RREGGLETA FLUORESCENTE 1X20 W', 1103.0, 2, 1);
INSERT INTO articulos VALUES ('LAOBYO', 'REGLETA FLUORESCENTE DE 1 X 40 W', 900.0, 1, 1);
INSERT INTO articulos VALUES ('LAPALO', 'REACTANCIA 20 W 220 V', 210.0, 16, 7);
INSERT INTO articulos VALUES ('LAPAMN', 'REACTANCIA PARA LAMPARA VAPOR MER', 6080.0, 1, 1);
INSERT INTO articulos VALUES ('LAPC', 'REACTANCIA 40 W 220V', 65.0, NULL, 42);
INSERT INTO articulos VALUES ('LAPC27', 'REACTANCIA LAMPARA VAPOR DE MERCU', 148.0, 19, 10);
INSERT INTO articulos VALUES ('LAPC32L', 'REACTANCIA 125V 40W PARA FLUORESC', 6200.0, 1, 1);
INSERT INTO articulos VALUES ('LAPF1X40', 'BOMBILLA REFLECTORA 50 mm,', 6150.0, 1, 1);
INSERT INTO articulos VALUES ('LAPRO', 'BOMBILLA REFLECTORA 63 mm', 402.0, 1, 1);
INSERT INTO articulos VALUES ('LAPT', 'LAMPARA REFLECTORA 63 COLOR', 120.0, 17, 16);
INSERT INTO articulos VALUES ('LAR1X20', 'REACTANCIA 65 W 220 V', 1450.0, 2, 1);
INSERT INTO articulos VALUES ('LAR1X40', 'BOMBILLA REFLECTORA 80 mm,', 1550.0, 1, 1);
INSERT INTO articulos VALUES ('LAR20', 'LAMPARA DESLUMBRANTE 100W', 489.0, 4, 1);
INSERT INTO articulos VALUES ('LAR250', 'LAMPARA DESLUMBRANTE 60W', 3680.0, 1, 1);
INSERT INTO articulos VALUES ('LAR40', 'BLOQUE EMERGENCIA SAFT 30 LUMENES', 489.0, 5, 3);
INSERT INTO articulos VALUES ('LAR400', 'BLOQUE EMERGENCIA SAFT 300 LUMENE', 4700.0, 1, 1);
INSERT INTO articulos VALUES ('LAR40125', 'BLOQUE EMERGENCIA SAFT 60 LUMENES', 1830.0, 1, 1);
INSERT INTO articulos VALUES ('LAR50', 'TIMBRE EE E2646', 315.0, 15, 6);
INSERT INTO articulos VALUES ('LAR63', 'TIMBRE DING DONG E2690', 270.0, 8, 8);
INSERT INTO articulos VALUES ('LAR63C', 'TIMBRE DING DONG E2646', 480.0, 1, 1);
INSERT INTO articulos VALUES ('LAR65', 'TULIPAS CUELLO ALTO', 1000.0, 4, 3);
INSERT INTO articulos VALUES ('LAR80', 'PANTALLA 2 x 36 W, BLANCANIEVES', 270.0, 14, 8);
INSERT INTO articulos VALUES ('LARD100', 'HOJO DE BUEY LLEDO EMPOTRAR B', 130.0, 36, 4);
INSERT INTO articulos VALUES ('LARD60', 'HOJO DE BUEY LLEDO EMPOTRAR B', 120.0, 5, 5);
INSERT INTO articulos VALUES ('LASA30', 'LUMINARIA 1X36 SUPERFICIE COCINA', 6270.0, 1, 1);
INSERT INTO articulos VALUES ('LASA300', 'PANTALLA DE RIEL STAFF 71090', 14670.0, 1, 1);
INSERT INTO articulos VALUES ('LASA60', 'TRANSFORMADOR 12 V 50 W', 7980.0, 1, 1);
INSERT INTO articulos VALUES ('LATIM', 'INTERRUPTOR NIESEN SERIE LISA', 1350.0, 2, 2);
INSERT INTO articulos VALUES ('LATIM1', 'CONMUTADOR NIESEN SERIE LISA', 1380.0, 2, 2);
INSERT INTO articulos VALUES ('LATIM2', 'BASE ENCHUFE NORMAL NIESEN SERIE', 1200.0, 3, 1);
INSERT INTO articulos VALUES ('LATL', 'PULSADOR TIMBRE NIESEN SERIE LISA', 350.0, 1, 1);
INSERT INTO articulos VALUES ('LAV125', 'BOMBILLA DESLUMBRANTE 60W', 990.0, 3, 1);
INSERT INTO articulos VALUES ('LAV250', 'LAMPARA CUARZO YODO 1500W', 2550.0, 1, 1);
INSERT INTO articulos VALUES ('LAV400', 'LAMPARA CUARZO YODO 300W', 3600.0, 1, 1);
INSERT INTO articulos VALUES ('LAVC18', 'REGLETA FLUORESCENTE 1X20 W', 3050.0, 1, 1);
INSERT INTO articulos VALUES ('LAVC9', 'REGLETA FLUORESCENTE 2X40 W', 3050.0, 1, 1);
INSERT INTO articulos VALUES ('LL2X36B', 'PULSADOR LUZ NIESEN SERIE LISA', 8297.0, 1, 1);
INSERT INTO articulos VALUES ('LLG11', 'BASE ENCHUFE CON T,T, DES, NIESEN', 1406.0, 3, 3);
INSERT INTO articulos VALUES ('LLG12', 'CORTACICUITOS NIESEN SERIE LISA', 1654.0, 3, 3);
INSERT INTO articulos VALUES ('LLS1X36', 'CRUZAMIENTO NIESEN SERIE LISA', 7566.0, 1, 1);
INSERT INTO articulos VALUES ('LLST90', 'DOBLE CONMUTADOR NIESEN SERIE LIS', 17291.0, 1, 1);
INSERT INTO articulos VALUES ('LLTRNS50', 'PLACA 1 Elem, NIESEN SERIE LISA', 1048.0, 3, 2);
INSERT INTO articulos VALUES ('LPEO60', 'CRUZAMIENTO BJC LINIAL BLANCO', 800.0, 1, 1);
INSERT INTO articulos VALUES ('LPER100', 'CORTACIRCUITO BJC LINIAL PEQUE%O', 1400.0, 3, 1);
INSERT INTO articulos VALUES ('ME200', 'MARCO BJC IBIZA 2 ELEMENTOS', 2250.0, 1, 1);
INSERT INTO articulos VALUES ('N5001', 'PLACA 2 Elem, NISEN SERIE LISA', 410.0, 5, 2);
INSERT INTO articulos VALUES ('N5002', 'PLACA 3 Elem, NIESEN SERIE LISA', 464.0, 6, 6);
INSERT INTO articulos VALUES ('N5003', 'BASE ENCHUFE SCHUCO NIESEN SERIE', 291.0, 5, 1);
INSERT INTO articulos VALUES ('N5004', 'LAMPARA NEON NIESSEN LUZ PUNTUAL', 406.0, 6, 1);
INSERT INTO articulos VALUES ('N5004L', 'LAMPARITA NEON NIESEN SERIE LISA', 328.0, NULL, 6);
INSERT INTO articulos VALUES ('N5006', 'INTER BIPO NIESSEN TRAZO BLANCO A', 382.0, 8, 4);
INSERT INTO articulos VALUES ('N5008', 'INTER UNI NIESSEN TRAZO BLANCO AL', 412.0, 4, 2);
INSERT INTO articulos VALUES ('N5010', 'COMUT NIESSEN TRAZO BLANCO ALPINO', 884.0, 2, 2);
INSERT INTO articulos VALUES ('N5022', 'BASE NORMAL NIESSEN BLANCO ALPINO', 869.0, 3, 2);
INSERT INTO articulos VALUES ('N5071', 'PULSADOR LUZ PILOTO NIESSEN TRAZO', 150.0, 1, 1);
INSERT INTO articulos VALUES ('N5072', 'PULSADOR LUZ PILOTO NIESSEN TRAZO', 222.0, 11, 2);
INSERT INTO articulos VALUES ('N5073', 'PULSADOR TIMBRE NIESSEN TRAZO BLA', 305.0, 2, 2);
INSERT INTO articulos VALUES ('N5088', 'CORTACIRCUITOS NIESSEN TRAZO BLAN', 253.0, 2, 2);
INSERT INTO articulos VALUES ('N6190', 'CRUZAMIENTO NIESSEN TRAZO BLANCO', 424.0, 3, 2);
INSERT INTO articulos VALUES ('N6192', 'CRUZE NIESSEN TRAZO BLANCO ALPINO', 220.0, 5, 5);
INSERT INTO articulos VALUES ('N8001,2', 'TOMA DE TELEFONO NIESSEN TRAZO BL', 1008.0, 2, 2);
INSERT INTO articulos VALUES ('N8001BA', 'ZUMBADOR NIESSEN TRAZO BLANCO ALP', 655.0, 6, 2);
INSERT INTO articulos VALUES ('N8002BA', 'TOMAS TV NIESSEN BLANCO ALPINO', 738.0, 6, 6);
INSERT INTO articulos VALUES ('N8003BA', 'CARTUCHOS FUSIBLES 6 A CRISTAL', 434.0, 8, 2);
INSERT INTO articulos VALUES ('N8004,5', 'MARCOS 1 ELEMENTOS NIESSEN TRAZO', 1360.0, 1, 1);
INSERT INTO articulos VALUES ('N8004,6B', 'MARCO 2 ELEMENTOS NIESSEN BLACO A', 1259.0, 1, 1);
INSERT INTO articulos VALUES ('N8004BA', 'MARCO 3 ELEMENTOS NIESSEN TRAZO B', 658.0, 3, 2);
INSERT INTO articulos VALUES ('N8008BA', 'BASE TT LATERAL NIESSEN TRAZO BLA', 728.0, 6, 6);
INSERT INTO articulos VALUES ('N8010', 'CARTUCHOS FUSIBLES 10 A CRISTAL', 1261.0, 2, 2);
INSERT INTO articulos VALUES ('N8010BA', 'FOTOCEDULA ORBIS', 1362.0, 2, 1);
INSERT INTO articulos VALUES ('N8017BA', 'RELOG ORBIS CON RESERVA DE CUERDA', 566.0, 7, 4);
INSERT INTO articulos VALUES ('N8019BA', 'RELOG ORBIS SIN RESERVA DE CUERDA', 1348.0, 3, 3);
INSERT INTO articulos VALUES ('N8050BA', 'AUTOMATICO DE ESCALERA ORBIS T11', 900.0, 4, 4);
INSERT INTO articulos VALUES ('N8060', 'AUTOMATICO DE ESCALERA ORBIS T15', 18.0, 136, 57);
INSERT INTO articulos VALUES ('N8071BA', 'AUTOMATICO ESCALERAS ORBIS T16', 147.0, 21, 9);
INSERT INTO articulos VALUES ('N8072BA', 'AUTOMATICO ESCALERAS MERCURIO T9', 229.0, 1, 1);
INSERT INTO articulos VALUES ('N8073BA', 'PLACA 1 elem, PLASTIMETAL', 388.0, 8, 7);
INSERT INTO articulos VALUES ('N8088BA', 'PLACA 4 Elem, PLASTIMETAL', 499.0, 5, 2);
INSERT INTO articulos VALUES ('N8100', 'PULSADOR LUZ PLASTIMETAL', 18.0, 72, 45);
INSERT INTO articulos VALUES ('ORBILUX', 'TOMA TV PLASTIMETAL UNICAJA', 6660.0, 1, 1);
INSERT INTO articulos VALUES ('ORC72H', 'BASE ENCHUFE NORMAL PLASTIMETAL', 8480.0, 1, 1);
INSERT INTO articulos VALUES ('ORS00H', 'BASE ENCHUFE CON T,T, PLASTIMETAL', 5110.0, 1, 1);
INSERT INTO articulos VALUES ('ORT11', 'BASE ENCHUFE SCHUCO PLASTIMETAL', 2440.0, 2, 2);
INSERT INTO articulos VALUES ('ORT15', 'INTERRUPTOR PLASTIMETAL', 3800.0, 1, 1);
INSERT INTO articulos VALUES ('ORT16', 'INTERRUPTOR PLASTIMETAL UNICAJA', 3590.0, 1, 1);
INSERT INTO articulos VALUES ('ORT9', 'CONMUTADOR PLASTIMETAL', 4310.0, 1, 1);
INSERT INTO articulos VALUES ('P1031', 'COMUTADOR PLASTIMETAL LUZ  UNICAJ', 154.0, 8, 8);
INSERT INTO articulos VALUES ('P1044', 'CRUZAMIENTO PLASTIMETAL', 247.0, NULL, NULL);
INSERT INTO articulos VALUES ('P434L', 'REGULADOR LUZ PLASTIMETAL UNICAJA', 541.0, 9, 4);
INSERT INTO articulos VALUES ('P500TV', 'CORTACIRCUITOS 10 A, PLASTIMETAL', 219.0, 3, 2);
INSERT INTO articulos VALUES ('P504', 'CORTACIRCUITOS 16 A, PLASTIMETAL', 143.0, 34, 17);
INSERT INTO articulos VALUES ('P504T', 'CAJA EMPOTRAR HASTA 3 Elem, PLAST', 198.0, 8, 4);
INSERT INTO articulos VALUES ('P515', 'CAJA EMPOTRAR hasta 6 Elem, PLAST', 253.0, 13, 13);
INSERT INTO articulos VALUES ('P605', 'CAJA 1 Elem, PLASTIMETAL', 275.0, 16, 9);
INSERT INTO articulos VALUES ('P605L', 'CAJA 2 Elem, PLASTIMETAL', 456.0, 2, 1);
INSERT INTO articulos VALUES ('P615', 'CAJA 3 Elem, PLASTIMETAL', 317.0, 3, 2);
INSERT INTO articulos VALUES ('P615L', 'CAJA SUPERFICIE hasta 3 elem, PLA', 499.0, 3, 1);
INSERT INTO articulos VALUES ('P635', 'CAJA SUPERFICIE hasta 6 elem, PLA', 569.0, 3, 1);
INSERT INTO articulos VALUES ('P695', 'INTERRUPTOR ROTURA BRUSCA 100 A M', 2200.0, 1, 1);
INSERT INTO articulos VALUES ('P714', 'GRAPA SUJETACABLES PARA PIQUETA', 220.0, 5, 4);
INSERT INTO articulos VALUES ('P724', 'PIQUETA TOMA TIERRA ENCHUFABLE', 335.0, 12, 12);
INSERT INTO articulos VALUES ('P903', 'CORTACIRCUITOS SIMON SERIE 24', 73.0, 61, 22);
INSERT INTO articulos VALUES ('P904', 'PORTAFUSIBLES BLANCO SIMON SERIE', 110.0, 18, 13);
INSERT INTO articulos VALUES ('P910', 'PORTAFUSIBLES DORADO DEC, SIMON S', 43.0, 51, 17);
INSERT INTO articulos VALUES ('P912', 'INTERRUPTOR UNIPOLAR BLANCO SIMON', 60.0, 29, 4);
INSERT INTO articulos VALUES ('P913', 'INTERRUPTOR MARRON D, SIMON SERIE', 90.0, 3, 2);
INSERT INTO articulos VALUES ('P923', 'INTERRUPTOR 1P, CON VISOR BLANCO', 282.0, 7, 4);
INSERT INTO articulos VALUES ('P924', 'INTERRUPTOR MARRON DEC, CON VISOR', 397.0, 8, 3);
INSERT INTO articulos VALUES ('PCMIB', 'CONMUTADOR BLANCO SIMON SERIE 31', 13900.0, 1, 1);
INSERT INTO articulos VALUES ('PMGF', 'CONMUTADOR MARRON DEC, SIMON SERI', 310.0, 10, 6);
INSERT INTO articulos VALUES ('PMTT200E', 'CONMUTADOR CON VISOR BLANCO SIMON', 1740.0, 2, 1);
INSERT INTO articulos VALUES ('REF1X20', 'REGLETA FLUORESCENTE 1X36 BAJO F', 1450.0, 1, 1);
INSERT INTO articulos VALUES ('REF1X40', 'VENTANA VA 27 10M', 1550.0, 1, 1);
INSERT INTO articulos VALUES ('REF2X20', 'MEMORIA Y TRAMITACION BOLETIN', 2000.0, 2, 1);
INSERT INTO articulos VALUES ('REF2X40', 'REGLETA FLUORESCENTE 1X18 BAJO F', 2100.0, 1, 1);
INSERT INTO articulos VALUES ('RF1X18B', 'CRUZAMIENTO NIESEN LISA BLACO', 1450.0, 1, 1);
INSERT INTO articulos VALUES ('RF1X36B', 'COMUTADOR NIESEN LISA BLANCO', 1550.0, 3, 1);
INSERT INTO articulos VALUES ('RF20', 'LAMPARA VAPOR MERCURIO 250W', 560.0, 4, 2);
INSERT INTO articulos VALUES ('RF32', 'LAMPARA VAPOPR MERCURIO 400W', 560.0, 4, 2);
INSERT INTO articulos VALUES ('RF40', 'LAMPARA MESCLA 160W', 560.0, 7, 4);
INSERT INTO articulos VALUES ('RF65', 'LAMPARA LUZ MESCLA 250', 1000.0, 4, 2);
INSERT INTO articulos VALUES ('RT1250', 'BOMBILLA DESLUMBRANTE 100W', 1000.0, 1, 1);
INSERT INTO articulos VALUES ('RV125', 'LAMPARA DULUX 36 W', 990.0, 1, 1);
INSERT INTO articulos VALUES ('RV250', 'LAMPARA BAJO CONSUMO 13W', 2550.0, 1, 1);
INSERT INTO articulos VALUES ('RV400', 'LAMPARA BAJO CONSUMO 9W', 3600.0, 1, 1);
INSERT INTO articulos VALUES ('RV80', 'LAMPARA DULUX 18 W', 990.0, 4, 4);
INSERT INTO articulos VALUES ('S24000', 'CONMUTADOR MARRON DEC, CON VISOR', 237.0, 3, 1);
INSERT INTO articulos VALUES ('S3100131', 'CONMUTADOR CRUCE BLANCO SIMON SER', 624.0, 5, 1);
INSERT INTO articulos VALUES ('S3100136', 'CONMUTADOR CRUCE MARRON DEC, SIMO', 848.0, 5, 3);
INSERT INTO articulos VALUES ('S3110131', 'CONMUTADOR CRUCE CON VISOR BLANCO', 561.0, 7, 1);
INSERT INTO articulos VALUES ('S3110136', 'CONMUTADOR CRUCE MARRON D, CON VI', 796.0, 1, 1);
INSERT INTO articulos VALUES ('S3110431', 'BASE ENCHUFE NORMAL BLANCA SIMON', 931.0, 4, 3);
INSERT INTO articulos VALUES ('S3110436', 'BASE ENCHUFE NORMAL MARRON DE, SI', 1371.0, 3, 3);
INSERT INTO articulos VALUES ('S3120131', 'BASE ENCHUFE SCHUCCO BLANCO SIMON', 632.0, 4, 2);
INSERT INTO articulos VALUES ('S3120136', 'BASE NORMAL T,T, MARRON DEC, SIMO', 875.0, 2, 2);
INSERT INTO articulos VALUES ('S3120431', 'BASE T,T, - CORTACIRCUITOS BLANCO', 1000.0, 2, 1);
INSERT INTO articulos VALUES ('S3120436', 'BASE T,T - C/C MARRON DEC, SIMON', 1488.0, 3, 2);
INSERT INTO articulos VALUES ('S3125131', 'BASE ENCHUFE NORMAL CON T,T, BLAN', 1495.0, 2, 2);
INSERT INTO articulos VALUES ('S3125136', 'BASE ENCHUFE T,T, DES, MARRON DEC', 1495.0, 3, 3);
INSERT INTO articulos VALUES ('S3125431', 'TOMAS DE SENAL RADIO TV SIMON 31', 1537.0, 3, 2);
INSERT INTO articulos VALUES ('S3125436', 'TOMAS DE SENAL RADIO TV SIMON 31', 1728.0, 2, 2);
INSERT INTO articulos VALUES ('S3143131', 'PLACA 1 Elem, BLANCA SIMON SERIE', 386.0, 6, 2);
INSERT INTO articulos VALUES ('S3143136', 'PLACA 1 Elem, NEGRA SIMON SERIE 3', 581.0, 6, 2);
INSERT INTO articulos VALUES ('S3143231', 'PLACA 2 Elem, BLANCA SIMON SERIE', 445.0, 1, 1);
INSERT INTO articulos VALUES ('S3143236', 'PLACA 2 Elem, NEGRA SIMON SERIE 3', 657.0, 4, 4);
INSERT INTO articulos VALUES ('S3143431', 'PLACA 3 Elem, BLANCA SIMON SERIE', 850.0, 2, 1);
INSERT INTO articulos VALUES ('S3143436', 'PLACA 3 Elem, NEGRA SIMON SERIE 3', 1114.0, 4, 3);
INSERT INTO articulos VALUES ('S3144231', 'PULSADOR CAMPANA BLANCO SIMON SER', 407.0, 11, 11);
INSERT INTO articulos VALUES ('S3144236', 'PULSADOR CAMPANA MARRON DEC, SIMO', 603.0, 4, 2);
INSERT INTO articulos VALUES ('S3149136', 'PULSADOR LUZ BLANCO SIMON SERIE 3', 1031.0, 4, 2);
INSERT INTO articulos VALUES ('S3149236', 'PULSADOR LUZ MARRON DEC, SIMON SE', 1031.0, 2, 2);
INSERT INTO articulos VALUES ('S3161031', 'PULSADOR CAMPANA BLANCO CON VISOR', 126.0, 20, 2);
INSERT INTO articulos VALUES ('S3161032', 'PULSADOR CAMPANA MARRON D, CON VI', 126.0, 33, 12);
INSERT INTO articulos VALUES ('S3162031', 'PULSADOR LUZ BLANCO CON VISOR SIM', 196.0, 1, 1);
INSERT INTO articulos VALUES ('S3162032', 'PULSADOR LUZ MARRON DEC, CON VISO', 196.0, 5, 3);
INSERT INTO articulos VALUES ('S3163031', 'REGULADOR LUZ BLANCO SIMON SERIE', 332.0, 2, 2);
INSERT INTO articulos VALUES ('S3163032', 'BLOQUE EMERGENCIA SATF 32 L', 332.0, 11, 1);
INSERT INTO articulos VALUES ('S3165031', 'BLOQUE EMERGENCIA SATF 32 L PER', 564.0, 4, 3);
INSERT INTO articulos VALUES ('S3165036', 'BLOQUE EMERGENCIA SATF 60 L', 800.0, 6, 4);
INSERT INTO articulos VALUES ('S3165131', 'BLOQUE EMERGENCIA SATF 60 L PER', 564.0, 3, 1);
INSERT INTO articulos VALUES ('S3165136', 'BLOQUE EMERGENCIA SATF 150 L', 800.0, 6, 3);
INSERT INTO articulos VALUES ('S3166031', 'BLOQUE EMERGENCIA 300 L', 933.0, 1, 1);
INSERT INTO articulos VALUES ('S3166036', 'BASES TICINO TT LATERAL 16 A', 1019.0, 1, 1);
INSERT INTO articulos VALUES ('S3166131', 'TAPAS TICINO 1 E TRAS CUADRO', 933.0, 3, 2);
INSERT INTO articulos VALUES ('S3166136', 'BASE TOMA LATERAL TICINO SERIE LI', 1019.0, 1, 1);
INSERT INTO articulos VALUES ('S3181231', 'TAPA CIEGA TICINO SERIE LIVING', 4056.0, 1, 1);
INSERT INTO articulos VALUES ('SATF1', 'INTERRUPTOR TICINO SERIE LIVING', 6270.0, 1, 1);
INSERT INTO articulos VALUES ('SATF2', 'COMUTADOR TICINO SERIE LIVING', 6490.0, 1, 1);
INSERT INTO articulos VALUES ('SATF3', 'CRUZAMIENTO TICINO SERIE LIVING', 8200.0, 1, 1);
INSERT INTO articulos VALUES ('SATF4', 'BASE N TICINO SERIE LIVING', 7980.0, 1, 1);
INSERT INTO articulos VALUES ('SATF5', 'CORTACIRCUITO TICINO SERIE LIVING', 12200.0, 1, 1);
INSERT INTO articulos VALUES ('SATF6', 'BASTIDOR TICINO SERIE LIVING', 14670.0, 1, 1);
INSERT INTO articulos VALUES ('SI4P25A', 'BASE BJC LINEAL BLANCO', 5950.0, 1, 1);
INSERT INTO articulos VALUES ('T1001', 'BASE NORMAL TICINO S,TEKNE', 35.0, 93, 65);
INSERT INTO articulos VALUES ('T1002', 'BASE T,T DESPLAZADA TICINO TEKNE', 135.0, 30, 3);
INSERT INTO articulos VALUES ('T10020', 'CAJA MEDES DIFERENCIALES 1/12E', 119.0, 33, 15);
INSERT INTO articulos VALUES ('T10021', 'CAJA TEGUI EUROPA 1 MODOLO', 92.0, 7, 2);
INSERT INTO articulos VALUES ('T10022', 'MARCO TEGUI EUROPA 1 ELEMENTO', 247.0, NULL, 12);
INSERT INTO articulos VALUES ('T10023', 'PORTALAMPARAS CURVO', 103.0, NULL, 14);
INSERT INTO articulos VALUES ('T10024', 'PIEZA MICRO TEGUI EUROPA', 310.0, NULL, 3);
INSERT INTO articulos VALUES ('T10025', 'TELEFONO TIGUI EUROPA', 165.0, 18, 2);
INSERT INTO articulos VALUES ('T10026', 'ALIMENTADOR TEGUI EUROPA', 74.0, 13, NULL);
INSERT INTO articulos VALUES ('T10027', 'CONTADOR 2X30/60 MAS ICP 25A', 453.0, 7, 1);
INSERT INTO articulos VALUES ('T1003', 'PORTERO ELECTRONICO FELMAX 2 LIN', 117.0, 38, 36);
INSERT INTO articulos VALUES ('T10030', 'MARCO BGC IBIZA 1 ELEMENTO', 271.0, 8, 2);
INSERT INTO articulos VALUES ('T1004', 'CAJA ACOMETIDA III 80 A', 249.0, 10, 1);
INSERT INTO articulos VALUES ('T1005', 'PIQUETA TOMA TIERRA 2MTS', 201.0, 22, 1);
INSERT INTO articulos VALUES ('T1006', 'KIT PORTERO ELECTRONICO 2 TELEFO', 563.0, 7, 7);
INSERT INTO articulos VALUES ('T1007', 'MARCO 1 ELEMENTO GRIS', 469.0, 1, 1);
INSERT INTO articulos VALUES ('T1008', 'PERFIL TICINO TEKNE GRIS 1 E', 203.0, 15, 1);
INSERT INTO articulos VALUES ('T1009', 'MARCO TICINO TEKME 2 E GRIS', 271.0, 15, 11);
INSERT INTO articulos VALUES ('T1010', 'PERFIL TICINO TEKNE 2 E GRIS', 250.0, 10, 9);
INSERT INTO articulos VALUES ('T1011', 'MARCO TICINO TEKNE 3 E GRIS', 149.0, 31, 30);
INSERT INTO articulos VALUES ('T1012', 'PERFIL TICINO TEKNE 3 E GRIS', 210.0, 2, 1);
INSERT INTO articulos VALUES ('T1023', 'MODOLO TEGUI EUROPA', 103.0, 13, 1);
INSERT INTO articulos VALUES ('T13940/1', 'PLACA TICINO SERIE LIVING', 465.0, 10, 7);
INSERT INTO articulos VALUES ('T23932', 'BASTIDOR TICINO SERIE LIVING', 465.0, 9, 7);
INSERT INTO articulos VALUES ('T4440', 'PLACA TICINO SERIE LIVING', 579.0, 5, 5);
INSERT INTO articulos VALUES ('T4500', 'CAJA EMPOTRAR 3 ELEMENTOS TICINO', 56.0, 6, 1);
INSERT INTO articulos VALUES ('T4501', 'TUBO EMPOTRAR   100', 496.0, 8, 5);
INSERT INTO articulos VALUES ('T4503', 'TUBO EMPOTRAR   11', 570.0, 7, 4);
INSERT INTO articulos VALUES ('T4512', 'TUBO CANALIZACION 125 m/m', 998.0, 1, 1);
INSERT INTO articulos VALUES ('T4522', 'TUBO EMPOTRAR   13,5', 448.0, 6, 3);
INSERT INTO articulos VALUES ('T4588', 'TUBO EMPOTRAR 13,5', 748.0, 6, 6);
INSERT INTO articulos VALUES ('T4703', 'TUBO EMPOTRAR   16', 159.0, 30, 14);
INSERT INTO articulos VALUES ('T4713', 'CANAL SUPERFICIE BLANCO', 1076.0, 2, 2);
INSERT INTO articulos VALUES ('T4740', 'CANAL SUPERFICIE BLANCO', 187.0, 11, 11);
INSERT INTO articulos VALUES ('T4750', 'CURVA CANAL E, BLANCO', 1076.0, 4, 4);
INSERT INTO articulos VALUES ('T503', 'CURVA CANAL I, BLANCO', 90.0, 2, 2);
INSERT INTO articulos VALUES ('TC100', 'TUBO EMPOTRAR   23', 65.0, 66, 2);
INSERT INTO articulos VALUES ('TC11', 'TUBO EMPOTRAR   29', 18.0, 193, 164);
INSERT INTO articulos VALUES ('TC125', 'TUBO EMPOTRAR   36', 210.0, 19, 4);
INSERT INTO articulos VALUES ('TC13,5', 'CANALETA UNEX 40X110', 24.0, 2, 1);
INSERT INTO articulos VALUES ('TC13,5N', 'TUBO EMPOTRAR   50', 7.0, 422, 54);
INSERT INTO articulos VALUES ('TC16', 'TUBO EMPOTRAR   65', 26.0, 175, 158);
INSERT INTO articulos VALUES ('TC1625', 'CANAL BLANCO 70 mm', 320.0, 8, 6);
INSERT INTO articulos VALUES ('TC1640', 'TUBO EMPOTRAR   80', 405.0, 4, 1);
INSERT INTO articulos VALUES ('TC16401', 'TUBO FERCONDUR   11', 160.0, 25, 13);
INSERT INTO articulos VALUES ('TC16402', 'TUBO FERCONDUR   13,5', 128.0, 38, 12);
INSERT INTO articulos VALUES ('TC23', 'TUBO FERCONDUR   16', 44.0, 15, 2);
INSERT INTO articulos VALUES ('TC29', 'TUBO FERCONDUR   21', 65.0, 59, 14);
INSERT INTO articulos VALUES ('TC36', 'TUBO FERCONDUR   29', 99.0, 5, 1);
INSERT INTO articulos VALUES ('TC40110', 'TUBO FERCONDUR   36', 1214.0, 4, 2);
INSERT INTO articulos VALUES ('TC50', 'CURVA FERCONDUR   21', 84.0, 27, 26);
INSERT INTO articulos VALUES ('TC60', 'CURVA FERCONDUR   29', 124.0, 19, 6);
INSERT INTO articulos VALUES ('TC71011', 'CURVA FERCONDUR   36', 632.0, 6, 1);
INSERT INTO articulos VALUES ('TC80', 'MANGUITO TUBO FERCONDUR   11', 172.0, 7, 6);
INSERT INTO articulos VALUES ('TE1001', 'COMUTADOR BJC IBIZA BLACO', 1260.0, 1, 1);
INSERT INTO articulos VALUES ('TE1111', 'CRUZAMIENTO BJC IBIZA BLANCO', 2350.0, 2, 1);
INSERT INTO articulos VALUES ('TE1401', 'INTERRUPTOR BJC IBIZA BLANCO', 690.0, 4, 2);
INSERT INTO articulos VALUES ('TE3102', 'INTERRUPTOR BJC LINEAL BLANCO', 3250.0, 1, 1);
INSERT INTO articulos VALUES ('TE5501', 'DOBLE INTERRUPTOR BJC IBIZA', 4200.0, 1, 1);
INSERT INTO articulos VALUES ('TE5514', 'BASE NORMAL BJC IBIZA BLANCO', 9000.0, 1, 1);
INSERT INTO articulos VALUES ('TE7200', 'DOBLE COMUTADOR BJC IBIZA BLANCO', 2200.0, 1, 1);
INSERT INTO articulos VALUES ('TF11', 'MANGUITO TUBO FERCONDUR   13,5', 109.0, 36, 5);
INSERT INTO articulos VALUES ('TF13,5', 'MANGUITO TUBO FERCONDUR   16', 122.0, 3, 3);
INSERT INTO articulos VALUES ('TF16', 'MANGUITO TUBO FERCONDUR   21', 152.0, 26, NULL);
INSERT INTO articulos VALUES ('TF21', 'MANGUITO TUBO FERCONDUR   29', 206.0, 4, 2);
INSERT INTO articulos VALUES ('TF29', 'MANGUITO TUBO FERCONDUR   36', 317.0, 4, 2);
INSERT INTO articulos VALUES ('TF36', 'TUBO HIERRO 11', 413.0, NULL, 5);
INSERT INTO articulos VALUES ('TFC21', 'TUBO HIERRO  13,5', 256.0, 1, 1);
INSERT INTO articulos VALUES ('TFC29', 'TUBO HIERRO  16', 349.0, 10, 9);
INSERT INTO articulos VALUES ('TFC36', 'TUBO HIERRO  21', 468.0, 5, 5);
INSERT INTO articulos VALUES ('TFM11', 'TUBO HIERRO  29', 48.0, 3, 2);
INSERT INTO articulos VALUES ('TFM13,5', 'TUBO HIERRO   36', 50.0, 85, 38);
INSERT INTO articulos VALUES ('TFM16', 'CURVA TUBO HIERRO   11', 55.0, 23, 13);
INSERT INTO articulos VALUES ('TFM21', 'CURVA TUBO HIERRO   13,5', 58.0, 1, 1);
INSERT INTO articulos VALUES ('TFM29', 'CURVA TUBO HIERRO   16', 68.0, 68, 29);
INSERT INTO articulos VALUES ('TFM36', 'CURVA TUBO HIERRO   21', 85.0, 49, 44);
INSERT INTO articulos VALUES ('TH11', 'CURVA TUBO HIERRO   29', 237.0, 20, 3);
INSERT INTO articulos VALUES ('TH13,5', 'CURVA TUBO HIERRO 36', 257.0, NULL, 11);
INSERT INTO articulos VALUES ('TH16', 'MANGUITO HIERRO 11', 284.0, 12, 10);
INSERT INTO articulos VALUES ('TH21', 'MANGUITO HIERRO 16', 356.0, 9, 2);
INSERT INTO articulos VALUES ('TH29', 'MANGUITO HIERRO 21', 499.0, 10, 2);
INSERT INTO articulos VALUES ('TH36', 'MANGUITO HIERRO 29', 783.0, 3, 2);
INSERT INTO articulos VALUES ('THC11', 'MANGUITO HIERRO 36', 141.0, 32, 25);
INSERT INTO articulos VALUES ('THC13,5', 'TELEFONO MURAL FELMAX 2044', 167.0, 28, 8);
INSERT INTO articulos VALUES ('THC16', 'TELEFONO PARET CORDON RIZADO', 176.0, 4, 2);
INSERT INTO articulos VALUES ('THC21', 'PLACA MURAL FELMAX', 259.0, 1, 1);
INSERT INTO articulos VALUES ('THC29', 'PULSADOR PARA PLACA FELMAX', 426.0, 5, 2);
INSERT INTO articulos VALUES ('THC36', 'ALIMENTADOR FELMAX 2156', 757.0, 1, 1);
INSERT INTO articulos VALUES ('THM11', 'ABREPUERTAS FELMAX', 65.0, 21, 18);
INSERT INTO articulos VALUES ('THM16', 'EQUIPO PORTERA FELMAX 1 LINEA3', 86.0, 35, 2);
INSERT INTO articulos VALUES ('THM21', 'EQUIPO PORTERO ELECTRONICO 2 LINE', 110.0, 30, 24);
INSERT INTO articulos VALUES ('THM29', 'PLACA GOLMAR 8 PULSADORES', 164.0, 13, 10);
INSERT INTO articulos VALUES ('THM36', 'TUBO DURO FLEXIBLE NEGRO  11', 231.0, 19, 14);
INSERT INTO articulos VALUES ('TLFX1', 'TUBO DURO FLEXIBLE NEGRO  13,5', 2240.0, 1, 1);
INSERT INTO articulos VALUES ('TLFX1N', 'TUBO DURO FLEXIBLE NEGRO  16', 1100.0, 3, 3);
INSERT INTO articulos VALUES ('TLFX2', 'TUBO DURO FLEXIBLE NEGRO  21', 10100.0, 1, 1);
INSERT INTO articulos VALUES ('TLFX3', 'TUBO DURO FLEXIBLE NEGRO  29', 400.0, 7, 3);
INSERT INTO articulos VALUES ('TLFX4', 'TUBO RIGIDO PROTECCION 5', 7100.0, 1, 1);
INSERT INTO articulos VALUES ('TLFX5', 'TUBO SAPA FORRADO   11', 1820.0, 1, 1);
INSERT INTO articulos VALUES ('TLFXK1', 'TUBO SAPA FORRADO 13,5', 13900.0, 1, 1);
INSERT INTO articulos VALUES ('TLFXK2', 'TUBO SAPA FORRADO 16', 19250.0, 1, 1);
INSERT INTO articulos VALUES ('TLGX2', 'TUBO SAPA FORRADO   21', 11350.0, 1, 1);
INSERT INTO articulos VALUES ('TNF11', 'TUBO SAPA FORRADO   29', 41.0, 21, 21);
INSERT INTO articulos VALUES ('TNF13,5', 'TUBO SAPA FORRADO  36', 43.0, 109, 95);
INSERT INTO articulos VALUES ('TNF16', 'TUBO SAPA FORRADO   9', 59.0, 74, 60);
INSERT INTO articulos VALUES ('TNF21', 'TUBO SAPA   11', 85.0, 13, 3);
INSERT INTO articulos VALUES ('TNF29', 'TUBO SAPA   13,5', 120.0, 35, 31);
INSERT INTO articulos VALUES ('TP200', 'PERFIL TICINO TEKNE GRIS 2 E', 856.0, 5, 2);
INSERT INTO articulos VALUES ('TP2T', 'CORTACIRCUITO TICINO TEKNE GRIS', 26820.0, 1, 1);
INSERT INTO articulos VALUES ('TRAMI1', 'BASE DE ENCHUFE NIESEN LISA BLAN', 5000.0, 1, 1);
INSERT INTO articulos VALUES ('TRI29', 'TUBO SAPA   16', 112.0, 1, 1);
INSERT INTO articulos VALUES ('TSF11', 'TUBO SAPA   21', 315.0, 10, 10);
INSERT INTO articulos VALUES ('TSF13,5', 'TUBO SAPA  29', 381.0, 11, 3);
INSERT INTO articulos VALUES ('TSF16', 'TUBO SAPA   9', 420.0, NULL, 7);
INSERT INTO articulos VALUES ('TSF21', 'CAJA 2 CONTADORES Y C/C EMPOTRAR', 619.0, 4, 4);
INSERT INTO articulos VALUES ('TSF29', 'CAJA 1 CONTADOR TRIFASICO Y C/C', 826.0, 1, 1);
INSERT INTO articulos VALUES ('TSF36', 'CAJA 1 COTADOR MONOFASICO Y C/C E', 1126.0, 4, 2);
INSERT INTO articulos VALUES ('TSF9', 'CAJA 1 CONTADOR TRIFASICO Y C/C E', 258.0, 8, 2);
INSERT INTO articulos VALUES ('TSP11', 'CAJA 3 CONTADORES CENTRALIZACION', 229.0, 5, 1);
INSERT INTO articulos VALUES ('TSP13,5', 'CAJA 4 CONTADORES CENTRALIZACION', 272.0, 16, 3);
INSERT INTO articulos VALUES ('TSP16', 'CAJA DOS CONTADORES MONOFASICOS', 313.0, 10, 5);
INSERT INTO articulos VALUES ('TSP21', 'INTERRUPTOR DE ROTURA BRUSCA 100', 452.0, 6, 2);
INSERT INTO articulos VALUES ('TSP29', 'INTERRUPTOR DE ROTURA BRUSCA 250', 587.0, 5, 2);
INSERT INTO articulos VALUES ('TSP9', 'INTERRUPTOR DE ROTURA BRUSCA 400', 204.0, 3, 2);
INSERT INTO articulos VALUES ('U3002', 'INTERRUPTOR BJC LINIAL BLANCO', 916.0, 5, 4);
INSERT INTO articulos VALUES ('UCM 7', 'INTERRUPTOR ROTURA BRUSCA 100 A', 26119.0, 1, 1);
INSERT INTO articulos VALUES ('UCM2', 'CANALETA UNEX 40X90', 5620.0, 1, 1);
INSERT INTO articulos VALUES ('UCM3', 'CAJA DE PROTECCION 160 A III,N', 8240.0, 1, 1);
INSERT INTO articulos VALUES ('UCM4', 'CAJA DE PROTECCION 250 A III,N', 7600.0, 1, 1);
INSERT INTO articulos VALUES ('UCM5', 'CAJA DE PROTECCION 400 A III,N', 11826.0, 1, 1);
INSERT INTO articulos VALUES ('UCM6', 'CAJA DE PROTECCION 80 A F,N', 16870.0, 4339, 3403);
INSERT INTO articulos VALUES ('UCM8', 'CAJA DE PROTECCIOM 80 A III,N', 7860.0, 1, 1);
INSERT INTO articulos VALUES ('UI400P4', 'CAJA SUPERFICIE VILAPLANA 100', 18340.0, 10529, 3075);
INSERT INTO articulos VALUES ('UIR100A', 'CAJA DIFERENCIALES 36 ELEMENTOS', 13900.0, 1, 1);
INSERT INTO articulos VALUES ('UIR160', 'PANTALLA VILAPLANA 2X40W', 13900.0, 1, 1);
INSERT INTO articulos VALUES ('UIR250', 'CAJA SUPERFICIE VILAPLANA 80', 16720.0, 25399, 5346);
INSERT INTO articulos VALUES ('UNEX4090', 'CAJA VILAPLANA SPERFICIE 60', 1012.0, 3, 2);
INSERT INTO articulos VALUES ('UP1603', 'CAJA EMPALME VILAPLANA 80', 14200.0, 1, 1);
INSERT INTO articulos VALUES ('UP250P3', 'CAJA EMPALME VILAPLANA 100', 19570.0, 16657, 10662);
INSERT INTO articulos VALUES ('UP400P3', 'CAJA EMPALME VILAPLANA 100 x 100', 20870.0, 30469, 28557);
INSERT INTO articulos VALUES ('UP80A2', 'CAJA EMPALME VILAPLANA 160 x 100', 3995.0, 1, 1);
INSERT INTO articulos VALUES ('UP80A3', 'CAJA EMAPLME VILAPLANA 150 x 150', 5040.0, 1, 1);
INSERT INTO articulos VALUES ('VI1017B', 'CAJA EMPALME VILAPLANA 250 x 250', 7303.0, 1, 1);
INSERT INTO articulos VALUES ('VI24E', 'CAJA EMPALME VILAPLANA 200 x 200', 76.0, 12, 9);
INSERT INTO articulos VALUES ('VI25E', 'CAJA EMPALME VILAPLANA 200 x 130', 120.0, 24, NULL);
INSERT INTO articulos VALUES ('VI500', 'CAJA DIFERENCIALES 1 E, VILAPLANA', 4200.0, 1, 1);
INSERT INTO articulos VALUES ('VI523E', 'CAJA DIFERENCIALES 2 E, VILAPLANA', 55.0, 2, 1);
INSERT INTO articulos VALUES ('VI531E', 'CAJA DIFERENCIALES 4 E, VILAPLANA', 52.0, 14, 13);
INSERT INTO articulos VALUES ('VI532E', 'CAJA DIFERENCIALES 6 E, VILAPLANA', 83.0, 14, 7);
INSERT INTO articulos VALUES ('VI533E', 'CAJA DIFERENCIALES 8 E, VILAPLANA', 98.0, 8, 7);
INSERT INTO articulos VALUES ('VI535E', 'CAJA DIFERENCIALES 12 E, VILAPLAN', 180.0, 6, 2);
INSERT INTO articulos VALUES ('VI536E', 'CAJA DIFERENCIALES 1-12 E, VILAPL', 224.0, 11, 8);
INSERT INTO articulos VALUES ('VI546E', 'CAJA DIFERENCIALES 18 E, VILAPLAN', 600.0, 1, 1);
INSERT INTO articulos VALUES ('VI553E', 'CAJA DIFERENCIALES 1-6 E, VILAPLA', 400.0, 3, 1);
INSERT INTO articulos VALUES ('VI557E', 'CAJA DIFERENCIALES 1-8 E, VILAPLA', 265.0, 15, 2);
INSERT INTO articulos VALUES ('VI718S', 'CAJA DIFERENCIALES 1-12 E, VILAPL', 190.0, 20, 21);
INSERT INTO articulos VALUES ('VI719S', 'CAJA DIFERENCIALES 2-12 E, VILAPL', 214.0, 19, 4);
INSERT INTO articulos VALUES ('VI720S', 'CAJA DIFERENCIALES 3-12 E, VILAPL', 248.0, 20, 5);
INSERT INTO articulos VALUES ('VI725S', 'CAJA DIFERENCIALES 12 E, CON PUER', 384.0, 1, 1);
INSERT INTO articulos VALUES ('VI726S', 'CAJA DIFERENCIALES 2-12 E, PUERTA', 490.0, 7, 5);
INSERT INTO articulos VALUES ('VI727S', 'CAJA DIFERENCIALES 16 E SUPERFICI', 730.0, 6, 3);
INSERT INTO articulos VALUES ('VI731E', 'CAJA DIFERENCIALES 1-12 Elem, VIL', 790.0, 2, 2);
INSERT INTO articulos VALUES ('VI735E', 'CAJA DIFERENCIALES 2-12 Elem, VIL', 790.0, 4, 2);
INSERT INTO articulos VALUES ('VI741E', 'CAJA DIFERENCIALES 3-12 Elem, VIL', 650.0, 6, 5);
INSERT INTO articulos VALUES ('VI745E', 'CAJA DIFERENCIALES 4-12 Elem, VIL', 680.0, 7, 6);
INSERT INTO articulos VALUES ('VI773S', 'CAJA DIFERENCIALES 1-6 E, PUERTA', 807.0, 1, 1);
INSERT INTO articulos VALUES ('VI774S', 'CAJA DIFERENCIALES 1-8 E, PUERTA', 1330.0, 3, 2);
INSERT INTO articulos VALUES ('VI775S', 'CAJA DIFERENCIALES 1-12 E, PUERTA', 1881.0, 2, 2);
INSERT INTO articulos VALUES ('VI800E', 'CAJA DIFERENCIALES 1-8 Elem, VILA', 1102.0, 2, 2);
INSERT INTO articulos VALUES ('VI801E', 'CAJA DIFERENCIALES 2-8 Elem, VILA', 1858.0, 2, 1);
INSERT INTO articulos VALUES ('VI824S', 'CAJA DIFERENCIALES 3-8 Elem, VILA', 8200.0, 1, 1);
INSERT INTO articulos VALUES ('VI830E', 'CAJA DIFERENCIALES 4-8 Elem, VILA', 1400.0, 3, 3);
INSERT INTO articulos VALUES ('VI831E', 'INTERRUPTOR HORARIO PGRAMA SEMANA', 1400.0, 3, 2);
INSERT INTO articulos VALUES ('VI832E', 'BASE SALIDA INCLINADA LEGRAND III', 1400.0, 3, 3);
INSERT INTO articulos VALUES ('VI833E', 'PIQUETA TT ENCHUFABLE 200M', 1400.0, 1, 1);
INSERT INTO articulos VALUES ('VI845S', 'PIEZA DE EMPALME PIQUETA TT', 1132.0, 2, 2);
INSERT INTO articulos VALUES ('VI846S', 'GRAPA EMPALME PIQUETA TT', 1240.0, 1, 1);
INSERT INTO articulos VALUES ('VI847S', 'TUBO FLUORESCENTE 40 W', 1530.0, 1, 1);
INSERT INTO articulos VALUES ('VI860E', 'TUBO FLORESCENTE 20 W', 1190.0, 1, 1);
INSERT INTO articulos VALUES ('VI861E', 'TUBO FLUORESCENTE 22W CILINDRICO', 1190.0, 3, 2);
INSERT INTO articulos VALUES ('VI862E', 'TUBO FLUORESCENTE 32W CILINDRICO', 1190.0, 2, 2);
INSERT INTO articulos VALUES ('VI863E', 'TUBO FLUORESCENTE 40W CILINDRICO', 1190.0, 2, 2);
INSERT INTO articulos VALUES ('ZN5101B', 'PLACA 3 ELEMENTOS NIESEN LISA B', 410.0, 3, 2);
INSERT INTO articulos VALUES ('ZN5102B', 'TOMAS DE TELEFONO NIESEN LISA B', 464.0, 8, 5);
INSERT INTO articulos VALUES ('ZN5103B', 'COMUTADOR PLASTIMETAL', 291.0, 6, 5);
INSERT INTO articulos VALUES ('ZN5104B', 'BASE ENCHUFE TT PLASTIMETAL', 406.0, 1, 1);
INSERT INTO articulos VALUES ('ZN5106B', 'CRUZAMIENTO PLASTIMETAL', 382.0, 6, 1);
INSERT INTO articulos VALUES ('ZN5108B', 'BASE PLASTIMETAL TT LATERAL', 412.0, 12, 7);
INSERT INTO articulos VALUES ('ZN5110B', 'INTERRUPTOR PLASTIOMETAL MARFIL', 889.0, 3, 3);
INSERT INTO articulos VALUES ('ZN5117B', 'PORTERO FELMAX 3 LINEAS', 494.0, 8, 2);
INSERT INTO articulos VALUES ('ZN5171B', 'CORTACIRCUITOS 10A PLASTIMETAL', 150.0, 30, 5);
INSERT INTO articulos VALUES ('ZN5172B', 'CORTACIRCUITOS 15A PLASTIMETAL', 222.0, 5, 3);
INSERT INTO articulos VALUES ('ZN5173B', 'CAJAS 1,2,3 ELEMENTOS  PLASTIMETA', 302.0, 2, 2);
INSERT INTO articulos VALUES ('ZN5188B', 'BASE DE ENCHUFE PLASTIMETAL', 305.0, 4, 3);
INSERT INTO articulos VALUES ('ZNCL', 'BASE T,T LATERAL TICINO S, TEKNE', 6940.0, 1, 1);
INSERT INTO articulos VALUES ('ZNP3L', 'CORTACIRCUITO TICINO S,TEKNE', 17850.0, 1, 1);
INSERT INTO articulos VALUES ('ZP504', 'SOPORTE PLACA TICINO TEKNE', 166.0, 13, 5);
INSERT INTO articulos VALUES ('ZP504T', 'COMUTADOR TICINO TEKNE', 231.0, 9, 2);
INSERT INTO articulos VALUES ('ZP515', 'INTERRUPTOR TICINO SERIE TEKNE', 295.0, 13, 1);
INSERT INTO articulos VALUES ('ZP605', 'CAJA DE PROTECCION 125A', 321.0, 10, 2);
INSERT INTO articulos VALUES ('ZP615', 'CAJA TRES ELEMENTOS', 369.0, 5, 4);
INSERT INTO articulos VALUES ('ZP635', 'PLACA 1,2,3 E TICINO SERIE TEKNE', 664.0, 5, 5);
INSERT INTO articulos VALUES ('ZP714', 'CRUZAMIENTO TICINO S,TEKNE', 257.0, 6, 6);
INSERT INTO articulos VALUES ('ZP724', 'PUSADOR LUZ TICINO S, TEKNE', 391.0, 11, 8);
INSERT INTO articulos VALUES ('ZP903', 'PULSADOR CAMPANA TICINO S, TEKNE', 85.0, 50, 23);




CREATE TABLE provincias (
  codpro char(2) NOT NULL ,
  nombre varchar2(30) default NULL,
  PRIMARY KEY  (codpro)
) ;



INSERT INTO provincias VALUES ('00', 'Extranjero');
INSERT INTO provincias VALUES ('01', 'ALAVA');
INSERT INTO provincias VALUES ('02', 'ALBACETE');
INSERT INTO provincias VALUES ('03', 'ALICANTE');
INSERT INTO provincias VALUES ('04', 'ALMERIA');
INSERT INTO provincias VALUES ('05', 'AVILA');
INSERT INTO provincias VALUES ('06', 'BADAJOZ');
INSERT INTO provincias VALUES ('07', 'BALEARES');
INSERT INTO provincias VALUES ('08', 'BARCELONA');
INSERT INTO provincias VALUES ('09', 'BURGOS');
INSERT INTO provincias VALUES ('10', 'CACERES');
INSERT INTO provincias VALUES ('11', 'CADIZ');
INSERT INTO provincias VALUES ('12', 'CASTELLON');
INSERT INTO provincias VALUES ('13', 'CIUDAD REAL');
INSERT INTO provincias VALUES ('14', 'CORDOBA');
INSERT INTO provincias VALUES ('15', 'LA CORUQA');
INSERT INTO provincias VALUES ('16', 'CUENCA');
INSERT INTO provincias VALUES ('17', 'GERONA');
INSERT INTO provincias VALUES ('18', 'GRANADA');
INSERT INTO provincias VALUES ('19', 'GUADALAJARA');
INSERT INTO provincias VALUES ('20', 'GUIPUZCOA');
INSERT INTO provincias VALUES ('21', 'HUELVA');
INSERT INTO provincias VALUES ('22', 'HUESCA');
INSERT INTO provincias VALUES ('23', 'JAEN');
INSERT INTO provincias VALUES ('24', 'LEON');
INSERT INTO provincias VALUES ('25', 'LERIDA');
INSERT INTO provincias VALUES ('26', 'LA RIOJA');
INSERT INTO provincias VALUES ('27', 'LUGO');
INSERT INTO provincias VALUES ('28', 'MADRID');
INSERT INTO provincias VALUES ('29', 'MALAGA');
INSERT INTO provincias VALUES ('30', 'MURCIA');
INSERT INTO provincias VALUES ('31', 'NAVARRA');
INSERT INTO provincias VALUES ('32', 'ORENSE');
INSERT INTO provincias VALUES ('33', 'ASTURIAS');
INSERT INTO provincias VALUES ('34', 'PALENCIA');
INSERT INTO provincias VALUES ('35', 'LAS PALMAS');
INSERT INTO provincias VALUES ('36', 'PONTEVEDRA');
INSERT INTO provincias VALUES ('37', 'SALAMANCA');
INSERT INTO provincias VALUES ('38', 'STA CRUZ DE TENERIFE');
INSERT INTO provincias VALUES ('39', 'CANTABRIA');
INSERT INTO provincias VALUES ('40', 'SEGOVIA');
INSERT INTO provincias VALUES ('41', 'SEVILLA');
INSERT INTO provincias VALUES ('42', 'SORIA');
INSERT INTO provincias VALUES ('43', 'TARRAGONA');
INSERT INTO provincias VALUES ('44', 'TERUEL');
INSERT INTO provincias VALUES ('45', 'TOLEDO');
INSERT INTO provincias VALUES ('46', 'VALENCIA');
INSERT INTO provincias VALUES ('47', 'VALLADOLID');
INSERT INTO provincias VALUES ('48', 'VIZCAYA');
INSERT INTO provincias VALUES ('49', 'ZAMORA');
INSERT INTO provincias VALUES ('50', 'ZARAGOZA');
INSERT INTO provincias VALUES ('51', 'CEUTA');
INSERT INTO provincias VALUES ('52', 'MELILLA');
INSERT INTO provincias VALUES ('55', 'Fernando Poo');
INSERT INTO provincias VALUES ('56', 'Rio Muni');
INSERT INTO provincias VALUES ('99', 'ANDORRA');


CREATE TABLE pueblos (
  codpue varchar2(5) NOT NULL,
  nombre varchar2(40) default NULL,
  codpro char(2) default NULL,
  PRIMARY KEY  (codpue),
  CONSTRAINT fk0_49 FOREIGN KEY (codpro) REFERENCES provincias (codpro) on delete set null
);


INSERT INTO pueblos VALUES ('00021', 'AQON DE MONCAYO', '50');
INSERT INTO pueblos VALUES ('01651', 'ALGAR (EL)', '03');
INSERT INTO pueblos VALUES ('01839', 'ALMARCHA (LA)', '16');
INSERT INTO pueblos VALUES ('02050', 'ALTERO DE MOMPOY', '46');
INSERT INTO pueblos VALUES ('02814', 'ARAYA', '12');
INSERT INTO pueblos VALUES ('03061', 'ARENAL (EL)', '07');
INSERT INTO pueblos VALUES ('04033', 'AUZOTXIKIA', '20');
INSERT INTO pueblos VALUES ('05495', 'BASANOVA (LA)', '12');
INSERT INTO pueblos VALUES ('05754', 'BEG', '02');
INSERT INTO pueblos VALUES ('05998', 'BENAMAHOMA', '11');
INSERT INTO pueblos VALUES ('06362', 'BERROCALES DEL JARAMA (LOS)', '28');
INSERT INTO pueblos VALUES ('06571', 'BINIAMAR', '07');
INSERT INTO pueblos VALUES ('06579', 'BINISALEM', '07');
INSERT INTO pueblos VALUES ('06905', 'BONRETORN', '43');
INSERT INTO pueblos VALUES ('07625', 'BUGARRA', '46');
INSERT INTO pueblos VALUES ('07766', 'BURRIANA', '12');
INSERT INTO pueblos VALUES ('07951', 'CAQADA (LA)', '16');
INSERT INTO pueblos VALUES ('08751', 'CALA LLITERAS', '07');
INSERT INTO pueblos VALUES ('08764', 'CALA ROMANA', '43');
INSERT INTO pueblos VALUES ('08820', 'CALATAYUD', '50');
INSERT INTO pueblos VALUES ('08993', 'CALLUS', '08');
INSERT INTO pueblos VALUES ('09248', 'CAMINO DE PARACUELLOS', '28');
INSERT INTO pueblos VALUES ('10917', 'CARNICERA', '33');
INSERT INTO pueblos VALUES ('11024', 'CARRASCA (LA)', '46');
INSERT INTO pueblos VALUES ('11408', 'CASA GRANDE', '44');
INSERT INTO pueblos VALUES ('12060', 'CASILLAS (LAS)', '14');
INSERT INTO pueblos VALUES ('12309', 'CASTELLON', '12');
INSERT INTO pueblos VALUES ('13003', 'CELADA', '24');
INSERT INTO pueblos VALUES ('13541', 'CEUTA (CIUDAD)', '51');
INSERT INTO pueblos VALUES ('13996', 'CIADUEQA', '42');
INSERT INTO pueblos VALUES ('14140', 'CINT (EL)', '08');
INSERT INTO pueblos VALUES ('14637', 'COLOMER CUADRA', '25');
INSERT INTO pueblos VALUES ('15424', 'CORTIJO (EL)', '28');
INSERT INTO pueblos VALUES ('15619', 'COSTA DE LOS PINOS', '07');
INSERT INTO pueblos VALUES ('16745', 'CURRELO (O)', '36');
INSERT INTO pueblos VALUES ('16926', 'DEHESA DE VILLANDRANDO', '34');
INSERT INTO pueblos VALUES ('17791', 'ENCINAS (LAS)', '28');
INSERT INTO pueblos VALUES ('17859', 'ENRAMONA', '12');
INSERT INTO pueblos VALUES ('20267', 'FORMICHE ALTO', '44');
INSERT INTO pueblos VALUES ('20295', 'FORNADEIROS (SAN PEDRO)', '32');
INSERT INTO pueblos VALUES ('20875', 'FUENDEJALON', '50');
INSERT INTO pueblos VALUES ('21104', 'FUENTES DE JILOCA', '50');
INSERT INTO pueblos VALUES ('21355', 'GALILEA', '07');
INSERT INTO pueblos VALUES ('21819', 'GENESTOSA', '24');
INSERT INTO pueblos VALUES ('24263', 'IZANA', '38');
INSERT INTO pueblos VALUES ('25630', 'LENTEJI', '18');
INSERT INTO pueblos VALUES ('26289', 'LLUCALARY', '07');
INSERT INTO pueblos VALUES ('27215', 'MAHAVE', '26');
INSERT INTO pueblos VALUES ('27861', 'MARRATXINET', '07');
INSERT INTO pueblos VALUES ('27948', 'MARTINEZ (LOS)', '04');
INSERT INTO pueblos VALUES ('28023', 'MAS EN ROCA', '08');
INSERT INTO pueblos VALUES ('28097', 'MAS DEL SECO', '12');
INSERT INTO pueblos VALUES ('28370', 'MATALUENGA', '24');
INSERT INTO pueblos VALUES ('28623', 'MECO', '28');
INSERT INTO pueblos VALUES ('29149', 'MIQANA', '03');
INSERT INTO pueblos VALUES ('30586', 'MORERA DE MONTSANT (LA)', '43');
INSERT INTO pueblos VALUES ('30996', 'MUGUETA', '31');
INSERT INTO pueblos VALUES ('31195', 'MURUZABAL', '31');
INSERT INTO pueblos VALUES ('31289', 'NARANJEROS (LOS)', '38');
INSERT INTO pueblos VALUES ('31481', 'NAVARREDONDA DE LA RINCONADA', '37');
INSERT INTO pueblos VALUES ('31527', 'NAVASEQUILLA', '05');
INSERT INTO pueblos VALUES ('31982', 'NOVELE', '46');
INSERT INTO pueblos VALUES ('32003', 'NOVILLAS', '50');
INSERT INTO pueblos VALUES ('32093', 'NULES', '12');
INSERT INTO pueblos VALUES ('32101', 'NURTAL-CDA, FARANDOLA', '46');
INSERT INTO pueblos VALUES ('32112', 'OASIS', '35');
INSERT INTO pueblos VALUES ('32419', 'OLMOS (LOS)', '44');
INSERT INTO pueblos VALUES ('32457', 'OMAQAS (LAS)', '24');
INSERT INTO pueblos VALUES ('32550', 'ORBITA', '05');
INSERT INTO pueblos VALUES ('33246', 'PAIPORTA', '46');
INSERT INTO pueblos VALUES ('33534', 'PALOS DE LA FRONTERA', '21');
INSERT INTO pueblos VALUES ('36300', 'PLANASSA (LA)', '08');
INSERT INTO pueblos VALUES ('37953', 'PUEBLA DE SAN MIGUEL', '46');
INSERT INTO pueblos VALUES ('38168', 'PUERTO (EL)', '07');
INSERT INTO pueblos VALUES ('38576', 'QUESADA', '23');
INSERT INTO pueblos VALUES ('39063', 'RAIGUERO (EL)', '03');
INSERT INTO pueblos VALUES ('39486', 'REBON', '15');
INSERT INTO pueblos VALUES ('40066', 'RENTERIA', '20');
INSERT INTO pueblos VALUES ('40332', 'RIAHUELAS', '40');
INSERT INTO pueblos VALUES ('41550', 'ROSAMIANA', '33');
INSERT INTO pueblos VALUES ('42277', 'SALINAS (LAS)', '19');
INSERT INTO pueblos VALUES ('42366', 'SALTO DE TORREJON', '10');
INSERT INTO pueblos VALUES ('42567', 'SAN ANTONIO DE PORMANY', '07');
INSERT INTO pueblos VALUES ('43446', 'SAN SALVADOR', '39');
INSERT INTO pueblos VALUES ('45004', 'SAX', '03');
INSERT INTO pueblos VALUES ('46278', 'SOMOSAGUAS (CENTRO)', '28');
INSERT INTO pueblos VALUES ('46302', 'SON DEL PUERTO', '44');
INSERT INTO pueblos VALUES ('46305', 'SON FERRER', '07');
INSERT INTO pueblos VALUES ('46332', 'SONEJA', '12');
INSERT INTO pueblos VALUES ('46876', 'TABLADA DE VILLADIEGO', '09');
INSERT INTO pueblos VALUES ('47218', 'TARTANEDO', '19');
INSERT INTO pueblos VALUES ('47731', 'TIURANA', '25');
INSERT INTO pueblos VALUES ('47881', 'TOMILLERAS (LAS)', '28');
INSERT INTO pueblos VALUES ('47974', 'TORIL', '44');
INSERT INTO pueblos VALUES ('48037', 'TORO (EL)', '12');
INSERT INTO pueblos VALUES ('48192', 'TORRE-BELTRAN', '12');
INSERT INTO pueblos VALUES ('48367', 'TORREQUINTO', '41');
INSERT INTO pueblos VALUES ('49180', 'TURIS', '46');
INSERT INTO pueblos VALUES ('49866', 'VALDEARENAS', '19');
INSERT INTO pueblos VALUES ('50500', 'VALLS DE TORRUELLA', '08');
INSERT INTO pueblos VALUES ('50646', 'VARA DE REY', '16');
INSERT INTO pueblos VALUES ('53027', 'VILLAMARTIN', '11');
INSERT INTO pueblos VALUES ('53596', 'VILLARREAL', '12');
INSERT INTO pueblos VALUES ('53608', 'VILLARROAQE', '24');






CREATE TABLE clientes(
  codcli number(5) primary key ,
  nombre varchar2(50) ,
  direccion varchar2(50) ,
  codpostal varchar2(5) ,
  codpue varchar2(5),
  CONSTRAINT fk0_51 FOREIGN KEY (codpue) REFERENCES pueblos (codpue) 
) ;


INSERT INTO clientes VALUES (3, 'DAMBORENEA CORBATO, ALICIA', 'CALLE MADRID, 83', '12425', '17859');
INSERT INTO clientes VALUES (6, 'FOLCH CASABO, MARIA MERCEDES', 'SANT RAFAEL, 158-17', '38894', '31289');
INSERT INTO clientes VALUES (9, 'FERNANDEZ MARTIN, CRISTINA', 'URBANIZACION LAS PALMAS, 1-5', '08738', '50500');
INSERT INTO clientes VALUES (12, 'VIVES GOZALBO, INMACULADA', 'DE BAIX, 123', '50769', '21104');
INSERT INTO clientes VALUES (15, 'GUAL SALES, MARIA', 'FELIPE II, 49', '03707', '39063');
INSERT INTO clientes VALUES (18, 'MATEU MARTI, MARIA DOLORES', 'CALLE PADRE LUIS MADRE LLOP, 30', '03607', '29149');
INSERT INTO clientes VALUES (21, 'BELTRAN MENEU, CRISTINA', 'GABRIEL SOLE, 10-6', '46186', '31982');
INSERT INTO clientes VALUES (24, 'SIMO GONZALEZ, NOEMI', 'DOCTOR SANCHIS BERGON, 148', '26707', '27215');
INSERT INTO clientes VALUES (27, 'HERRERO BERENGUER, IRENE', 'CALLE SAN ISIDRO, 118', '11334', '53027');
INSERT INTO clientes VALUES (30, 'CANCELAS MORA, MARIA', 'PINTOR ZARIQENA, 117-4', '46501', '07625');
INSERT INTO clientes VALUES (33, 'MARTI GALVAN, ALICIA', 'EL BARRANQUET, 117', '44144', '11408');
INSERT INTO clientes VALUES (36, 'TICHELL MONLLEO, MARIA ANGELES', 'CORAZON DE JESUS, 171', '46426', '33246');
INSERT INTO clientes VALUES (39, 'GARCIA MARTI, MONICA', 'AVENIDA CAMPANAR, 171-1', '44163', '46302');
INSERT INTO clientes VALUES (42, 'CUBEDO FIBLA, MILAGROS', 'MAESTRO MARTI, 69', '34476', '16926');
INSERT INTO clientes VALUES (45, 'GALLEN GOZALBO, PATRICIA', 'CONSTITUCIO, 115-15', '23911', '38576');
INSERT INTO clientes VALUES (48, 'LUIS MARIN, MARIA', 'CALLE COSANTA Y BORRAS, 34-11', '16186', '01839');
INSERT INTO clientes VALUES (51, 'SABORIT DOMENECH, ELENA', 'FERRANDIS SALVADOR PALMERAS, 124-6', '07101', '15619');
INSERT INTO clientes VALUES (54, 'FUENTES VILLALONGA, MARIA', 'MEDITERRANEO, 91', '07521', '38168');
INSERT INTO clientes VALUES (57, 'ORENGA CUCO, MARIA PILAR', 'POETA VERDAGUER, 189', '50044', '32003');
INSERT INTO clientes VALUES (60, 'MIRALLES OGAYA, ANA', 'GENERAL ARANDA, 95-1', '31955', '31195');
INSERT INTO clientes VALUES (63, 'AMO ZAMBRANA, SUSANA', 'PINTOR RIBALTA, 131', '15425', '39486');
INSERT INTO clientes VALUES (66, 'VIVES TORRES, LAURA', 'CARMEN, 114', '16860', '07951');
INSERT INTO clientes VALUES (69, 'GALLEN HUERTA, OLGA', 'RICARDO CARRERAS, 75', '12094', '48192');
INSERT INTO clientes VALUES (72, 'NAVARRO BARBERO, MARIA LLEDO', 'BURRIANA, 19-15', '12406', '48037');
INSERT INTO clientes VALUES (75, 'CASTELL VIVES, MARIA', 'CASTELLDEFELS, 102-10', '28192', '15424');
INSERT INTO clientes VALUES (78, 'IGLESIAS NAVARRO, IGNACIO', 'ESCULTOR VICIANA, 30-15', '03615', '45004');
INSERT INTO clientes VALUES (81, 'DURAN VICENTE, DIEGO', 'PLAZA SANTA ANA, 46', '19793', '49866');
INSERT INTO clientes VALUES (84, 'MARTINEZ FORNER, JOSE', 'SAN MARCOS, 176-10', '32364', '20295');
INSERT INTO clientes VALUES (87, 'ATIENZA CASADO, RAMON FRANCISCO', 'FALCO, 60-17', '07061', '42567');
INSERT INTO clientes VALUES (90, 'RIPOLLES VILLALONGA, JUAN RAUL', 'CALLE DOCTOR FLEMING, 189-18', '28388', '28623');
INSERT INTO clientes VALUES (93, 'LOPEZ VICENS, MANUEL VICTOR', 'PLAZA ESCULTOR ADSUARA, 173-5', '50934', '00021');
INSERT INTO clientes VALUES (96, 'GARZON CALVO, GABRIEL', 'MAESTRO MARTI, 152-15', '24485', '28370');
INSERT INTO clientes VALUES (99, 'CATALA REVERTE, GUILLERMO JOSE', 'ESPERANZA, 198-6', '44335', '32419');
INSERT INTO clientes VALUES (102, 'BARRACHINA BUESO, LUIS JORGE', 'CLAPISA, 58', '39137', '43446');
INSERT INTO clientes VALUES (105, 'EGEA HERNANDEZ, CARLOS ANTONIO', 'PASAJE PEQAGOLOSA, 108', '37812', '31481');
INSERT INTO clientes VALUES (108, 'BLASCO ESCUREDO, CESAR LUIS', 'ALFONDEGUILLA, 127', '44953', '20267');
INSERT INTO clientes VALUES (111, 'GARCIA GIRONA, MANUEL', 'BARON DE CARCER, 88-8', '05933', '31527');
INSERT INTO clientes VALUES (114, 'VIDAGANY GISBERT, ADOLFO', 'JOVER, 82-3', '33227', '10917');
INSERT INTO clientes VALUES (117, 'HERRERO ORENGA, FRANCISCO TEO', 'AVENIDA CAPUCHINOS, 149', '35476', '32112');
INSERT INTO clientes VALUES (120, 'CASTELLO DAMBORENEA, ENRIQUE JAVIER', 'GRUPO SAN VICENTE, 138-11', '12257', '46332');
INSERT INTO clientes VALUES (123, 'VIDAL VILARROYA, VICENTE', 'CALLE AMALIO GIMENO, 139-1', '04540', '27948');
INSERT INTO clientes VALUES (126, 'MORA RUBERT, FRANCISCO', 'VIRGEN DE LOS DOLORES, 128-7', '24228', '21819');
INSERT INTO clientes VALUES (129, 'PALANCO MARTINEZ, CARLOS', 'MAESTRO SANCHIS, 28', '19599', '42277');
INSERT INTO clientes VALUES (132, 'CUCO NAVARRO, JAVIER SERGIO', 'PALANQUES, 164', '44219', '47974');
INSERT INTO clientes VALUES (135, 'SERRANO MUNYOZ, ENRIQUE FERNANDO', 'CORTS VALENCIANES, 128-13', '19130', '47218');
INSERT INTO clientes VALUES (138, 'CHINE BARRACHINA, JOSE MANUEL', 'MEDICO NEBOT, 23', '42293', '13996');
INSERT INTO clientes VALUES (141, 'LOPEZ DOBON, VICENTE RAMON', 'GASSET, 81-14', '08288', '36300');
INSERT INTO clientes VALUES (144, 'SIMO MARTINEZ, RAMON', 'ALIAGA, 118-3', '11745', '05998');
INSERT INTO clientes VALUES (147, 'SALES LOPEZ, MIQUEL', 'CARRER TELLOLA, 124', '21560', '33534');
INSERT INTO clientes VALUES (150, 'FUENTES RIVERA, JOSE', 'CURA PLEBAN, 25-14', '10674', '42366');
INSERT INTO clientes VALUES (153, 'LOPEZ SANMIGUEL, CARLOS', 'URBANIZACION EL BALCO, 142-13', '28241', '06362');
INSERT INTO clientes VALUES (156, 'ANDRES GARGALLO, DIEGO JAVIER', 'SANTA CRUZ, 18', '24432', '53608');
INSERT INTO clientes VALUES (159, 'EGEA HUEDO, VICENTE CARLOS', 'SAN PASQUAL, 50', '28193', '46278');
INSERT INTO clientes VALUES (162, 'REINA VIDAL, LLUIS', 'CALLE BARTOLOME REUS, 11', '24593', '32457');
INSERT INTO clientes VALUES (165, 'BUESO ORDONYEZ, JUAN MANUEL', 'CALLE LA PUNTA, 46', '05359', '32550');
INSERT INTO clientes VALUES (168, 'ALOS CONESA, SABINA', 'PINTOR VERGARA, 102-2', '02536', '05754');
INSERT INTO clientes VALUES (171, 'RODRIGUEZ HERNANDEZ, CESAR', 'GENERAL MARTINEZ CAMPOS, 119', '07340', '26289');
INSERT INTO clientes VALUES (174, 'RODRIGUEZ ALOS, JORDI SABINA', 'EL PLA, 100-8', '12042', '02814');
INSERT INTO clientes VALUES (177, 'LLEO GUAITA, MARCOS', 'CAMINO DONACION, 144-3', '07604', '06571');
INSERT INTO clientes VALUES (180, 'CABALLERO GALLEGO, ANTONIO', 'CAMINO DE ONDA, 51', '33807', '41550');
INSERT INTO clientes VALUES (183, 'CARRETERO PAVIA, FRANCISCO CARLOS', 'PLAZA DE LA FONT, 105', '43163', '06905');
INSERT INTO clientes VALUES (186, 'FABUEL CEPRIA, RAFAEL DAVID', 'AVENIDA ESPRONCEDA, 116-15', '50084', '20875');
INSERT INTO clientes VALUES (189, 'NEBOT VITAL, SERGIO MOISES', 'LUIS MADRE LLOP, 4-19', '07119', '06579');
INSERT INTO clientes VALUES (192, 'CASAS ROMERO, CARLOS JOSE', 'GENERAL ARANDA, 180-3', '43292', '30586');
INSERT INTO clientes VALUES (195, 'LLEO SORIANO, JOSE IGNACIO', 'AVENIDA DE LAS CONCHAS, 191', '25057', '47731');
INSERT INTO clientes VALUES (198, 'SERRET JOVER, JOSE', 'ENMEDIO, 110', '07339', '08751');
INSERT INTO clientes VALUES (201, 'MARIN RAMIREZ, SERGIO VICENTE', 'FERNANDO EL CATOLICO, 6', '07350', '03061');
INSERT INTO clientes VALUES (204, 'VERA GOMEZ, VICTOR', 'ORFEBRES SANTALINEA, 124-14', '51965', '13541');
INSERT INTO clientes VALUES (207, 'DOMENECH FLORES, RAMON', 'GENERAL MARTINEZ CAMPOS, 172-7', '07541', '46305');
INSERT INTO clientes VALUES (210, 'CEPRIA AGOST, FERNANDO LUIS', 'ERMITA, 75', '07284', '21355');
INSERT INTO clientes VALUES (213, 'MEDRANO FELIS, FERNANDO', 'SALVADO BARRI, 141', '46454', '49180');
INSERT INTO clientes VALUES (216, 'DAMBORENEA VALLS, DIEGO RAFAEL', 'AVENIDA ALMASSORA, 51', '03008', '01651');
INSERT INTO clientes VALUES (219, 'CASTELLANOS ANDRES, JULIO', 'CONDE PESTAGUA, 43-4', '08681', '08993');
INSERT INTO clientes VALUES (222, 'RAMON LEON, JULIAN', 'BENITANDUS, 183-15', '14197', '12060');
INSERT INTO clientes VALUES (225, 'PERIS VIVES, MANUEL', 'LUIS CENDOYA, 124', '09168', '46876');
INSERT INTO clientes VALUES (228, 'ROBRES FRANCO, VICENTE IGNACIO', 'VALL DE UXO, 179', '07771', '27861');
INSERT INTO clientes VALUES (231, 'BARBERO VALANZUELA, IGNACIO JAIME', 'GENERAL MARTINEZ CAMPOS, 5', '24913', '13003');
INSERT INTO clientes VALUES (234, 'FIBLA ROMERO, EMILIO', 'PLAZA SANTA CLARA, 64-8', '28406', '17791');
INSERT INTO clientes VALUES (237, 'BURRIEL SANCHEZ, JOSE', 'COS DE GRACIA, 196-10', '28460', '09248');
INSERT INTO clientes VALUES (240, 'FERNANDEZ VENDRELL, DAVID JUAN', 'POETA DURAN Y TORTAJADA, 29', '28563', '47881');
INSERT INTO clientes VALUES (243, 'ROMERO AGUILELLA, SERGIO', 'SAN ABDON, 15-14', '43748', '08764');
INSERT INTO clientes VALUES (246, 'FORTUNYO GRANGEL, JOSE', 'PIEDAD, 148', '08408', '28023');
INSERT INTO clientes VALUES (249, 'CUBEDO ANICETO, JAVIER RUBEN', 'ALBUFERA, 43', '08602', '14140');
INSERT INTO clientes VALUES (252, 'CEPRIA LORENTE, CARLOS MIGUEL', 'VINAROZ, 137', '12974', '05495');
INSERT INTO clientes VALUES (255, 'GALLEN MOLINER, JORGE TEO', 'RIO ESCALONA, 132-3', '16555', '50646');
INSERT INTO clientes VALUES (258, 'TORRES PEREZ, ANTONIO', 'MARIA VICTORIA, 117-5', '36848', '16745');
INSERT INTO clientes VALUES (261, 'AMO MONTSN, RAMON FERNANDO', 'CALLE BENICARLO, 42', '46332', '32101');
INSERT INTO clientes VALUES (264, 'ADELL VILLALONGA, LUIS JOSE', 'MANUEL BECERRA, 61', '12712', '28097');
INSERT INTO clientes VALUES (267, 'FONSECA ALMELA, JOSE', 'PLAZA SANT JOAN, 81', '38572', '24263');
INSERT INTO clientes VALUES (270, 'MONSONIS SALA, FABRICIANO', 'CARMADAY, 116', '25683', '14637');
INSERT INTO clientes VALUES (273, 'GALLEN IZQUIERDO, EMILIO', 'PLAZA BORRULL, 72', '41924', '48367');
INSERT INTO clientes VALUES (276, 'GARCMA LIZONDO, CARLOS FRANCISCO', 'BENEDITO, 124-14', '31157', '30996');
INSERT INTO clientes VALUES (279, 'SANMIGUEL CORET, FERNANDO JOSE', 'CORDON, 182', '50725', '08820');
INSERT INTO clientes VALUES (282, 'MORA RIBES, ENRIQUE MIGUEL', 'CALLE BENASAL, 146-14', '46367', '11024');
INSERT INTO clientes VALUES (285, 'BERGES REGODON, JUAN', 'FARIGOLA, 80', '20399', '04033');
INSERT INTO clientes VALUES (288, 'BETORET ABRIL, FRANCISCO', 'ALCANAR, 169-11', '20052', '40066');
INSERT INTO clientes VALUES (291, 'FABUEL CEBRIA, FERNANDO ADRIAN', 'CALLE CISCAR, 49-20', '18288', '25630');
INSERT INTO clientes VALUES (294, 'BELTRAN MUNYOZ, JAIME VICENTE', 'DEL ANGEL, 79-2', '46390', '02050');
INSERT INTO clientes VALUES (297, 'NAVARRO GARGALLO, CARLOS', 'PEDRO ALCAZAR, 72-6', '46470', '37953');
INSERT INTO clientes VALUES (300, 'RIOS MARTINEZ, LUIS ABEL', 'MEDICO MIGUEL GIMENO, 44', '40742', '40332');
INSERT INTO clientes VALUES (303, 'MIRAVET SALA, MARIA MERCEDES', 'URBANIZACION EL BALCO, 84-11', NULL, '53596');
INSERT INTO clientes VALUES (306, 'SAMPEDRO SIMO, MARIA MERCEDES', 'FINELLO, 161', '12217', '07766');
INSERT INTO clientes VALUES (309, 'GISBERT MIRALLES, BEATRIZ LAURA', 'CALLE ASUNCION FRANCH, 79', '12111', '12309');
INSERT INTO clientes VALUES (312, 'DE LA CRUZ AZNAR, CONCHITA PATRICIA', 'GRUPO ZAFER, 55', '12868', '53596');
INSERT INTO clientes VALUES (315, 'VILLALONGA SANCHIS, MILAGROS', 'RONDA ESCALANTE, 71-11', NULL, '53596');
INSERT INTO clientes VALUES (318, 'PITARCH MONSONIS, MARIA CARMEN', 'SALVADOR, 136', '12708', '12309');
INSERT INTO clientes VALUES (321, 'GARCIA CASADO, YOLANDA', 'CONCEPCION ARENAL, 18-14', '12914', '53596');
INSERT INTO clientes VALUES (324, 'ADELL GALMES, MERCEDES ROSARIO', 'MAJOR POBLENOV, 18', '12597', '53596');
INSERT INTO clientes VALUES (327, 'HERRERA SALA, ANA', 'FOIA DE BUNYOL, 15', '12162', '32093');
INSERT INTO clientes VALUES (330, 'MARTI MOLTO, CONCHITA', 'SAN ABDON, 152', NULL, '53596');
INSERT INTO clientes VALUES (333, 'SOS CARRETERO, JESUS', 'MOSEN COMPTE, 14', '12964', '53596');
INSERT INTO clientes VALUES (336, 'MIGUEL ARCHILES, OSCAR RAMON', 'HISANT BERNARDO MUNDINA, 132-5', '12652', '07766');
INSERT INTO clientes VALUES (339, 'CHALER SORIANO, MANUEL DIEGO', 'SAN ROBERTO, 27', NULL, '53596');
INSERT INTO clientes VALUES (342, 'PINEL HUERTA, VICENTE', 'FRANCISCO SEMPERE, 37-10', '12112', '07766');
INSERT INTO clientes VALUES (345, 'LOPEZ BOTELLA, MAURO', 'AVENIDA DEL PUERTO, 20-1', '12439', '12309');
INSERT INTO clientes VALUES (348, 'PALAU MARTINEZ, JORGE', 'RAVAL DE SANT JOSEP, 97-2', '12401', '12309');
INSERT INTO clientes VALUES (351, 'RINCON VERNIA, DAVID', 'BORRIOL, 74', NULL, '12309');
INSERT INTO clientes VALUES (354, 'MURIA VINAIZA, JOSE', 'CIUDADELA, 90-18', '12990', '12309');
INSERT INTO clientes VALUES (357, 'HUGUET PERIS, JUAN ANGEL', 'CALLE MESTRE RODRIGI, 7', '12930', '12309');
INSERT INTO clientes VALUES (360, 'FABREGA GARGORI, JAVIER SEBASTIAN', 'SANTA GEMA GALGANI, 130', '12939', '32093');
INSERT INTO clientes VALUES (363, 'VILLALONGA RAMIREZ, DIEGO SERGIO', 'CALLE BARTOLOME REUS, 98-7', '12332', '32093');
INSERT INTO clientes VALUES (366, 'BADENES CEPRIA, ANDRES RICARDO', 'MAESTRO CABALLEROS, 30-4', '12397', '12309');
INSERT INTO clientes VALUES (369, 'BOTELLA CATALA, JUAN', 'MONCADA, 70', '12572', '07766');
INSERT INTO clientes VALUES (372, 'LOPEZ LLORENS, SANCHEZ MARCOS', 'CALLE DOLORS, 6', '12967', '53596');
INSERT INTO clientes VALUES (375, 'LOPEZ RINCON, LUIS MIGUEL', 'PADRE MELIA, 49', NULL, '07766');
INSERT INTO clientes VALUES (378, 'GUIMERA AGOST, LUIS', 'PADRE PEDRO VELASCO, 89', '12423', '53596');
INSERT INTO clientes VALUES (381, 'GUILLOT BELDA, FRANCISCO JOSE', 'PLAZA MAYOR, 200', '12059', '12309');
INSERT INTO clientes VALUES (384, 'LOPEZ GUITART, XAVIER', 'CALLE PUIG RODA, 162', NULL, '07766');
INSERT INTO clientes VALUES (387, 'TUR MARTIN, MANUEL FRANCISCO', 'CALLE PEDRO VIRUELA, 108-8', '12008', '07766');
INSERT INTO clientes VALUES (390, 'AZNAR MONFERRER, ADRIAN', 'EBANISANTA HERVAS, 138', NULL, '32093');



CREATE TABLE facturas (
  codfac number(6) NOT NULL ,
  fecha date default NULL,
  codcli number(5) default NULL,
  iva number(2) default NULL,
  dto number(2) default NULL,
  PRIMARY KEY  (codfac),
  CONSTRAINT fk0_54 FOREIGN KEY (codcli) REFERENCES clientes (codcli) 
) ;



INSERT INTO facturas VALUES (1, to_date('06-01-2008','dd-mm-yyyy'), 219, 7, 14);
INSERT INTO facturas VALUES (2, to_date('06-02-2008','dd-mm-yyyy'), 252, 7, 0);
INSERT INTO facturas VALUES (3, to_date('06-03-2008','dd-mm-yyyy'), 48, 7, NULL);
INSERT INTO facturas VALUES (4, to_date('06-03-2008','dd-mm-yyyy'), 255, 7, 0);
INSERT INTO facturas VALUES (5, to_date('06-04-2008','dd-mm-yyyy'), 6, 0, NULL);
INSERT INTO facturas VALUES (6, to_date('06-06-2008','dd-mm-yyyy'), 198, 16, 1);
INSERT INTO facturas VALUES (7, to_date('06-12-2008','dd-mm-yyyy'), 42, 16, NULL);
INSERT INTO facturas VALUES (8, to_date('06-12-2008','dd-mm-yyyy'), 300, 0, 21);
INSERT INTO facturas VALUES (9, to_date('06-12-2008','dd-mm-yyyy'), 201, 16, NULL);
INSERT INTO facturas VALUES (10, to_date('06-11-2008','dd-mm-yyyy'), 261, 7, 2);
INSERT INTO facturas VALUES (11, to_date('06-09-2009','dd-mm-yyyy'), 12, 16, 20);
INSERT INTO facturas VALUES (12, to_date('06-07-2009','dd-mm-yyyy'), 45, 0, 2);
INSERT INTO facturas VALUES (13, to_date('06-05-2009','dd-mm-yyyy'), 57, 16, NULL);
INSERT INTO facturas VALUES (14, to_date('06-04-2009','dd-mm-yyyy'), 219, 16, 0);
INSERT INTO facturas VALUES (15, to_date('06-03-2009','dd-mm-yyyy'), 192, 16, 7);
INSERT INTO facturas VALUES (16, to_date('06-01-2009','dd-mm-yyyy'), 207, 16, 17);
INSERT INTO facturas VALUES (17, to_date('06-01-2009','dd-mm-yyyy'), 141, 7, 4);
INSERT INTO facturas VALUES (18, to_date('06-02-2009','dd-mm-yyyy'), 69, 16, 0);
INSERT INTO facturas VALUES (19, to_date('06-10-2009','dd-mm-yyyy'), 258, 16, 16);
INSERT INTO facturas VALUES (20, to_date('06-09-2009','dd-mm-yyyy'), 279, NULL, 0);
INSERT INTO facturas VALUES (21, to_date('06-03-2009','dd-mm-yyyy'), 54, NULL, 1);
INSERT INTO facturas VALUES (22, to_date('06-04-2009','dd-mm-yyyy'), 144, NULL, 23);
INSERT INTO facturas VALUES (23, to_date('06-03-2009','dd-mm-yyyy'), 183, 16, NULL);
INSERT INTO facturas VALUES (24, to_date('06-08-2009','dd-mm-yyyy'), 87, 16, 0);
INSERT INTO facturas VALUES (25, to_date('06-06-2009','dd-mm-yyyy'), 93, 16, NULL);
INSERT INTO facturas VALUES (26, to_date('06-07-2009','dd-mm-yyyy'), 99, 0, 0);


CREATE TABLE lineas_fac (
  codfac number(6) NOT NULL,
  linea number(2) NOT NULL ,
  cant number(5) default NULL,
  codart varchar2(8) default NULL,
  precio number(7,2) default NULL,
  dto number(2) default NULL,
  PRIMARY KEY  (codfac,codart),
  CONSTRAINT fk0_59 FOREIGN KEY (codart) REFERENCES articulos (codart) ,
  CONSTRAINT fk0_56 FOREIGN KEY (codfac) REFERENCES facturas (codfac) 
) ;



INSERT INTO lineas_fac VALUES (1, 1, 3, 'IMD160', 7239.0, 0);
INSERT INTO lineas_fac VALUES (1, 2, 2, 'UCM8', 3439.0, 23);
INSERT INTO lineas_fac VALUES (1, 3, 11, 'VI532E', 63.0, 13);
INSERT INTO lineas_fac VALUES (1, 4, 4, 'L50512', 477.0, 21);
INSERT INTO lineas_fac VALUES (2, 1, 11, 'BU3002', 564.0, 16);
INSERT INTO lineas_fac VALUES (2, 2, 6, 'LA1440EM', 356.0, 0);
INSERT INTO lineas_fac VALUES (2, 3, 3, 'N5022', 380.0, 6);
INSERT INTO lineas_fac VALUES (2, 4, 6, 'IMFN40L', 1112.0, 23);
INSERT INTO lineas_fac VALUES (2, 5, 10, 'L85706', 492.0, 0);
INSERT INTO lineas_fac VALUES (2, 6, 4, 'S3162031', 183.0, 22);
INSERT INTO lineas_fac VALUES (3, 1, 5, 'IM1P10L', 501.0, 0);
INSERT INTO lineas_fac VALUES (3, 2, 1, 'TNF13,5', 39.0, 24);
INSERT INTO lineas_fac VALUES (3, 3, 11, 'L77220', 51.0, 0);
INSERT INTO lineas_fac VALUES (4, 1, 3, 'LAR63C', 180.0, 0);
INSERT INTO lineas_fac VALUES (4, 2, 6, 'LAR400', 1763.0, 0);
INSERT INTO lineas_fac VALUES (4, 3, 9, 'LAF18L', 392.0, 17);
INSERT INTO lineas_fac VALUES (4, 4, 11, 'L17560', 759.0, 0);
INSERT INTO lineas_fac VALUES (4, 5, 7, 'LAVC9', 1144.0, 8);
INSERT INTO lineas_fac VALUES (4, 6, 12, 'L34045', 321.0, 0);
INSERT INTO lineas_fac VALUES (4, 7, 8, 'L83005', 275.0, 0);
INSERT INTO lineas_fac VALUES (4, 8, 10, 'B14016L', 432.0, NULL);
INSERT INTO lineas_fac VALUES (4, 9, 6, 'P1031', 144.0, NULL);
INSERT INTO lineas_fac VALUES (4, 10, 4, 'L85540', 102.0, NULL);
INSERT INTO lineas_fac VALUES (5, 1, 12, 'THC36', 284.0, 2);
INSERT INTO lineas_fac VALUES (5, 2, 10, 'L85302', 212.0, 8);
INSERT INTO lineas_fac VALUES (5, 3, 8, 'P1044', 93.0, 0);
INSERT INTO lineas_fac VALUES (5, 4, 8, 'IM2F30', 2697.0, 17);
INSERT INTO lineas_fac VALUES (5, 5, 2, 'L77253', 81.0, 4);
INSERT INTO lineas_fac VALUES (5, 6, 12, 'LAV250', 2391.0, 21);
INSERT INTO lineas_fac VALUES (5, 7, 5, 'LAF40C', 525.0, 0);
INSERT INTO lineas_fac VALUES (5, 8, 4, 'CM3X4', 120.0, NULL);
INSERT INTO lineas_fac VALUES (5, 9, 3, 'L37099', 497.0, NULL);
INSERT INTO lineas_fac VALUES (6, 1, 7, 'L55432', 309.0, 20);
INSERT INTO lineas_fac VALUES (6, 2, 2, 'P1031', 144.0, 18);
INSERT INTO lineas_fac VALUES (6, 3, 5, 'T4588', 281.0, 0);
INSERT INTO lineas_fac VALUES (6, 4, 3, 'T4501', 186.0, 7);
INSERT INTO lineas_fac VALUES (6, 5, 4, 'L86231', 467.0, 0);
INSERT INTO lineas_fac VALUES (6, 6, 10, 'LA2760EM', 72.0, 0);
INSERT INTO lineas_fac VALUES (7, 1, 5, 'IM1P15V', 588.0, 11);
INSERT INTO lineas_fac VALUES (7, 2, 1, 'SATF5', 4575.0, 0);
INSERT INTO lineas_fac VALUES (8, 1, 10, 'TSP29', 441.0, 16);
INSERT INTO lineas_fac VALUES (8, 2, 11, 'ORBILUX', 4995.0, 0);
INSERT INTO lineas_fac VALUES (8, 3, 6, 'B10010B', 445.0, 7);
INSERT INTO lineas_fac VALUES (8, 4, 8, 'B10201B', 115.0, 0);
INSERT INTO lineas_fac VALUES (8, 5, 11, 'LAE100', 32.0, 19);
INSERT INTO lineas_fac VALUES (8, 6, 9, 'L34211', 45.0, 0);
INSERT INTO lineas_fac VALUES (8, 7, 5, 'L85508', 42.0, 21);
INSERT INTO lineas_fac VALUES (8, 8, 10, 'L85510', 246.0, NULL);
INSERT INTO lineas_fac VALUES (9, 1, 7, 'L34043', 114.0, 9);
INSERT INTO lineas_fac VALUES (9, 2, 7, 'T4750', 404.0, 18);
INSERT INTO lineas_fac VALUES (9, 3, 2, 'L57308', 538.0, 15);
INSERT INTO lineas_fac VALUES (9, 4, 6, 'ZN5173B', 228.0, 0);
INSERT INTO lineas_fac VALUES (9, 5, 7, 'L91812', 639.0, 0);
INSERT INTO lineas_fac VALUES (10, 1, 3, 'LAR40', 366.0, 0);
INSERT INTO lineas_fac VALUES (10, 2, -8, 'L85508', 84.0, 0);
INSERT INTO lineas_fac VALUES (10, 3, 12, 'N5004', 203.0, 24);
INSERT INTO lineas_fac VALUES (10, 4, 6, 'T1001', 15.0, 25);
INSERT INTO lineas_fac VALUES (10, 5, 6, 'N5088', 95.0, 0);
INSERT INTO lineas_fac VALUES (10, 6, 6, 'VI831E', 1050.0, 1);
INSERT INTO lineas_fac VALUES (10, 7, 5, 'LAR65', 375.0, 0);
INSERT INTO lineas_fac VALUES (10, 8, 10, 'LAV400', 1350.0, NULL);
INSERT INTO lineas_fac VALUES (10, 9, 2, 'L55423', 208.0, NULL);
INSERT INTO lineas_fac VALUES (11, 1, 12, 'ORC72H', 3180.0, 0);
INSERT INTO lineas_fac VALUES (11, 2, 5, 'CP3X1,5', 63.0, 21);
INSERT INTO lineas_fac VALUES (11, 3, 1, 'S3125131', 748.0, 0);
INSERT INTO lineas_fac VALUES (11, 4, 12, 'B10028B', 684.0, 0);
INSERT INTO lineas_fac VALUES (11, 5, 8, 'B14005L', 651.0, 0);
INSERT INTO lineas_fac VALUES (11, 6, 10, 'B10005B', 286.0, 0);
INSERT INTO lineas_fac VALUES (12, 1, 3, 'LA1425EM', 42.0, 10);
INSERT INTO lineas_fac VALUES (12, 2, 10, 'N5008', 206.0, 23);
INSERT INTO lineas_fac VALUES (12, 3, 1, 'T4522', 336.0, 0);
INSERT INTO lineas_fac VALUES (13, 1, 1, 'LAPT', 45.0, 0);
INSERT INTO lineas_fac VALUES (13, 2, 7, 'N8019BA', 674.0, 0);
INSERT INTO lineas_fac VALUES (13, 3, 6, 'L76046', 840.0, 3);
INSERT INTO lineas_fac VALUES (13, 4, 1, 'S3163032', 166.0, 0);
INSERT INTO lineas_fac VALUES (13, 5, 7, 'IMD160', 4826.0, 0);
INSERT INTO lineas_fac VALUES (13, 6, 5, 'LA40', 131.0, 1);
INSERT INTO lineas_fac VALUES (13, 7, 9, 'T4500', 54.0, 0);
INSERT INTO lineas_fac VALUES (13, 8, 5, 'L46164', 1959.0, NULL);
INSERT INTO lineas_fac VALUES (13, 9, 6, 'VI727S', 365.0, NULL);
INSERT INTO lineas_fac VALUES (14, 1, 1, 'B6000', 334.0, 0);
INSERT INTO lineas_fac VALUES (14, 2, -1, 'LAPC32L', 2713.0, 2);
INSERT INTO lineas_fac VALUES (14, 3, 4, 'N8019BA', 590.0, 17);
INSERT INTO lineas_fac VALUES (14, 4, 10, 'ZNP3L', 8925.0, 22);
INSERT INTO lineas_fac VALUES (14, 5, 6, 'TLFXK2', 18048.0, 0);
INSERT INTO lineas_fac VALUES (14, 6, 12, 'RV400', 1575.0, 0);
INSERT INTO lineas_fac VALUES (15, 1, 3, 'L37062', 51.0, 0);
INSERT INTO lineas_fac VALUES (15, 2, 1, 'IM3P15V', 2188.0, 15);
INSERT INTO lineas_fac VALUES (15, 3, 6, 'L123010', 20.0, 0);
INSERT INTO lineas_fac VALUES (16, 1, 8, 'B932B', 188.0, 0);
INSERT INTO lineas_fac VALUES (16, 2, 3, 'LADU16', 871.0, 9);
INSERT INTO lineas_fac VALUES (16, 3, 6, 'IMFN32L', 1107.0, 0);
INSERT INTO lineas_fac VALUES (16, 4, 7, 'L50540', 303.0, 0);
INSERT INTO lineas_fac VALUES (16, 5, 7, 'TFM36', 81.0, 0);
INSERT INTO lineas_fac VALUES (16, 6, 6, 'T4588', 281.0, 0);
INSERT INTO lineas_fac VALUES (16, 7, 4, 'L85457', 217.0, 10);
INSERT INTO lineas_fac VALUES (16, 8, 6, 'TFM13,5', 16.0, NULL);
INSERT INTO lineas_fac VALUES (16, 9, 4, 'L10310', 108.0, NULL);
INSERT INTO lineas_fac VALUES (17, 1, 3, 'LLG11', 1056.0, 0);
INSERT INTO lineas_fac VALUES (17, 2, -3, 'N8002BA', 693.0, 13);
INSERT INTO lineas_fac VALUES (17, 3, 3, 'BU3002', 329.0, 21);
INSERT INTO lineas_fac VALUES (18, 1, 7, 'CP2X2,5', 78.0, 0);
INSERT INTO lineas_fac VALUES (18, 2, 12, 'N5073', 114.0, 18);
INSERT INTO lineas_fac VALUES (18, 3, 8, 'VI774S', 1248.0, 0);
INSERT INTO lineas_fac VALUES (18, 4, 8, 'LATL', 153.0, 0);
INSERT INTO lineas_fac VALUES (18, 5, 1, 'L55432', 465.0, 0);
INSERT INTO lineas_fac VALUES (19, 1, 5, 'IMFN10L', 933.0, 0);
INSERT INTO lineas_fac VALUES (19, 2, 5, 'UCM 7', 9795.0, 0);
INSERT INTO lineas_fac VALUES (19, 3, 4, 'L17355', 1119.0, 0);
INSERT INTO lineas_fac VALUES (19, 4, 8, 'L37066', 213.0, 0);
INSERT INTO lineas_fac VALUES (19, 5, 6, 'B6009', 948.0, 0);
INSERT INTO lineas_fac VALUES (20, 1, 11, 'L86231', 702.0, 5);
INSERT INTO lineas_fac VALUES (20, 2, 6, 'CP2X0,5', 15.0, 3);
INSERT INTO lineas_fac VALUES (20, 3, 8, 'IM4P10V', 6108.0, 3);
INSERT INTO lineas_fac VALUES (20, 4, 2, 'L85547', 270.0, 25);
INSERT INTO lineas_fac VALUES (20, 5, 10, 'L15340', 77.0, 3);
INSERT INTO lineas_fac VALUES (20, 6, 9, 'VI500', 2100.0, 0);
INSERT INTO lineas_fac VALUES (20, 7, 11, 'IM2P20L', 1235.0, 9);
INSERT INTO lineas_fac VALUES (20, 8, 5, 'L85542', 276.0, NULL);
INSERT INTO lineas_fac VALUES (20, 9, 10, 'L91800', 254.0, NULL);
INSERT INTO lineas_fac VALUES (20, 10, 10, 'CI3X1', 99.0, NULL);
INSERT INTO lineas_fac VALUES (21, 1, 10, 'VI546E', 450.0, 1);
INSERT INTO lineas_fac VALUES (21, 2, 10, 'CM3X1,5', 84.0, 0);
INSERT INTO lineas_fac VALUES (21, 3, 7, 'L77211', 153.0, 0);
INSERT INTO lineas_fac VALUES (22, 1, 4, 'TFC29', 327.0, 3);
INSERT INTO lineas_fac VALUES (22, 2, 2, 'CM4X1,5', 78.0, 0);
INSERT INTO lineas_fac VALUES (22, 3, 4, 'IMFN40L', 1297.0, 20);
INSERT INTO lineas_fac VALUES (23, 1, 6, 'BF243B', 1953.0, 0);
INSERT INTO lineas_fac VALUES (23, 2, 5, 'TE5514', 3938.0, 0);
INSERT INTO lineas_fac VALUES (23, 3, 5, 'UP250P3', 17613.0, 0);
INSERT INTO lineas_fac VALUES (23, 4, 10, 'L85803', 144.0, 0);
INSERT INTO lineas_fac VALUES (24, 1, 5, 'TFC21', 96.0, 19);
INSERT INTO lineas_fac VALUES (24, 2, 12, 'TSP29', 549.0, 0);
INSERT INTO lineas_fac VALUES (24, 3, 9, 'LARD100', 65.0, 19);
INSERT INTO lineas_fac VALUES (24, 4, 6, 'TH11', 119.0, 13);
INSERT INTO lineas_fac VALUES (24, 5, 4, 'L16550', 735.0, 2);
INSERT INTO lineas_fac VALUES (24, 6, 10, 'T503', 45.0, 0);
INSERT INTO lineas_fac VALUES (24, 7, 8, 'LAMP27D', 189.0, 0);
INSERT INTO lineas_fac VALUES (24, 8, 12, 'LAR80', 204.0, NULL);
INSERT INTO lineas_fac VALUES (24, 9, 10, 'N8001,2', 441.0, NULL);
INSERT INTO lineas_fac VALUES (24, 10, 9, 'L76424', 211.0, NULL);
INSERT INTO lineas_fac VALUES (25, 1, 9, 'L76177', 201.0, 12);
INSERT INTO lineas_fac VALUES (25, 2, 3, 'IM1P25V', 1008.0, 0);
INSERT INTO lineas_fac VALUES (25, 3, 3, 'L32038', 3.0, 0);
INSERT INTO lineas_fac VALUES (25, 4, 10, 'LAOBYO', 675.0, 20);
INSERT INTO lineas_fac VALUES (25, 5, 9, 'CI2X1', 63.0, 12);
INSERT INTO lineas_fac VALUES (25, 6, 3, 'T10020', 90.0, 0);
INSERT INTO lineas_fac VALUES (25, 7, 8, 'N8100', 15.0, 0);
INSERT INTO lineas_fac VALUES (25, 8, 11, 'L76179', 197.0, NULL);
INSERT INTO lineas_fac VALUES (25, 9, 6, 'LASA60', 2993.0, NULL);
INSERT INTO lineas_fac VALUES (25, 10, 1, 'L85510', 246.0, NULL);
INSERT INTO lineas_fac VALUES (26, 1, 3, 'ORT15', 3564.0, 21);
INSERT INTO lineas_fac VALUES (26, 2, 11, 'S3149136', 451.0, 0);


--1
SELECT CLIENTES.NOMBRE, PUEBLOS.NOMBRE 
FROM CLIENTES,PUEBLOS
WHERE PUEBLOS.CODPUE = CLIENTES.CODPUE ;

--2
SELECT PUEBLOS.NOMBRE, PROVINCIAS.NOMBRE 
FROM PUEBLOS,PROVINCIAS
WHERE PROVINCIAS.CODPRO = PUEBLOS.CODPRO;

--3
SELECT CLIENTES.NOMBRE, PUEBLOS.NOMBRE, PROVINCIAS.NOMBRE 
FROM CLIENTES,PUEBLOS,PROVINCIAS 
WHERE PROVINCIAS.CODPRO = PUEBLOS.CODPRO AND PUEBLOS.CODPUE = CLIENTES.CODPUE;

--4
SELECT DISTINCT CLIENTES.NOMBRE, PROVINCIAS.NOMBRE 
FROM CLIENTES,PUEBLOS,PROVINCIAS 
WHERE PROVINCIAS.CODPRO = PUEBLOS.CODPRO AND PUEBLOS.CODPUE = CLIENTES.CODPUE;

--5

SELECT DISTINCT ARTICULOS.DESCRIP, LINEAS_FAC.CANT 
FROM ARTICULOS,LINEAS_FAC
WHERE ARTICULOS.CODART =LINEAS_FAC.CODART AND LINEAS_FAC.CANT>5;

--6
SELECT FACTURAS.FECHA, LINEAS_FAC.CODART, LINEAS_FAC.CANT 
FROM FACTURAS,LINEAS_FAC
WHERE FACTURAS.CODFAC = LINEAS_FAC.CODFAC
ORDER BY FECHA DESC,CODART DESC,CANT DESC;

--7
SELECT FACTURAS.CODFAC, FACTURAS.FECHA 
FROM FACTURAS,CLIENTES 
WHERE FACTURAS.CODCLI = CLIENTES.CODCLI AND CLIENTES.CODPOSTAL LIKE '%7%';

--8
SELECT FACTURAS.CODFAC, FACTURAS.FECHA, CLIENTES.NOMBRE 
FROM FACTURAS, CLIENTES 
WHERE FACTURAS.CODCLI = CLIENTES.CODCLI;

--9
SELECT FACTURAS.CODFAC , FACTURAS.FECHA, FACTURAS.IVA, CLIENTES.NOMBRE AS NOMBRE_CLIENTE, FACTURAS.DTO
FROM FACTURAS, CLIENTES
WHERE (FACTURAS.CODCLI = CLIENTES.CODCLI) AND (FACTURAS.IVA IS NULL OR FACTURAS.IVA =0) OR (FACTURAS.DTO IS NULL);


--10
SELECT ARTICULOS.DESCRIP,ARTICULOS.PRECIO AS PRECIO_ORIGINAL ,LINEAS_FAC.PRECIO AS PRECIO_VENDIDO
FROM ARTICULOS, LINEAS_FAC
WHERE ARTICULOS.CODART = LINEAS_FAC.CODART AND LINEAS_FAC.PRECIO<ARTICULOS.PRECIO;

--11
SELECT FACTURAS.CODFAC,
FACTURAS.FECHA, 
FACTURAS.IVA, 
FACTURAS.DTO ,
ARTICULOS.DESCRIP,
LINEAS_FAC.DTO,
LINEAS_FAC.PRECIO AS PRECIO_VENDIDO, 
LINEAS_FAC.CANT AS CANTIDAD_VENDIDA
FROM ARTICULOS, FACTURAS, LINEAS_FAC
WHERE FACTURAS.CODFAC = LINEAS_FAC.CODFAC AND LINEAS_FAC.CODART = ARTICULOS.CODART;


--12
SELECT CLIENTES.NOMBRE,
FACTURAS.CODFAC,
FACTURAS.FECHA, 
FACTURAS.IVA, 
FACTURAS.DTO ,
ARTICULOS.DESCRIP,
LINEAS_FAC.DTO,
LINEAS_FAC.PRECIO AS PRECIO_VENDIDO, 
LINEAS_FAC.CANT AS CANTIDAD_VENDIDA
FROM ARTICULOS, FACTURAS, LINEAS_FAC, CLIENTES
WHERE CLIENTES.CODCLI = FACTURAS.CODCLI AND FACTURAS.CODFAC = LINEAS_FAC.CODFAC AND LINEAS_FAC.CODART = ARTICULOS.CODART;

--13
SELECT CLIENTES.NOMBRE 
FROM CLIENTES,PROVINCIAS,PUEBLOS
WHERE PROVINCIAS.CODPRO = PUEBLOS.CODPRO AND PUEBLOS.CODPUE = CLIENTES.CODPUE AND UPPER(PROVINCIAS.NOMBRE) LIKE '%MA%';

--14
SELECT CLIENTES.CODCLI 
FROM CLIENTES, LINEAS_FAC,FACTURAS, ARTICULOS
WHERE CLIENTES.CODCLI = FACTURAS.CODCLI AND FACTURAS.CODFAC =LINEAS_FAC.CODFAC AND LINEAS_FAC.CODART = ARTICULOS.CODART 
AND ARTICULOS.STOCK<ARTICULOS.STOCK_MIN;

--15
SELECT DISTINCT ARTICULOS.DESCRIP  
FROM ARTICULOS,LINEAS_FAC 
WHERE ARTICULOS.CODART = LINEAS_FAC.CODART;


--16 
SELECT ARTICULOS.DESCRIP, LINEAS_FAC.PRECIO-((LINEAS_FAC.PRECIO*LINEAS_FAC.DTO)/100) AS PRECIO_DESCUENTO
FROM ARTICULOS, LINEAS_FAC
WHERE ARTICULOS.CODART = LINEAS_FAC.CODART;

--17
SELECT ARTICULOS.DESCRIP
FROM ARTICULOS,LINEAS_FAC,FACTURAS,PUEBLOS,PROVINCIAS,CLIENTES
WHERE (ARTICULOS.CODART = LINEAS_FAC.CODART AND LINEAS_FAC.CODFAC =FACTURAS.CODFAC AND FACTURAS.CODCLI =CLIENTES.CODCLI
AND CLIENTES.CODPUE = PUEBLOS.CODPUE AND PUEBLOS.CODPRO = PROVINCIAS.CODPRO) AND UPPER(PROVINCIAS.NOMBRE) LIKE '%A';

--18
SELECT CLIENTES.NOMBRE
FROM CLIENTES,FACTURAS
WHERE FACTURAS.CODCLI =CLIENTES.CODCLI AND FACTURAS.DTO>10;

--19
SELECT CLIENTES.NOMBRE
FROM CLIENTES,FACTURAS, LINEAS_FAC
WHERE (FACTURAS.CODCLI =CLIENTES.CODCLI AND LINEAS_FAC.CODFAC =FACTURAS.CODFAC) AND (FACTURAS.DTO>10) OR (LINEAS_FAC.DTO>10) OR (FACTURAS.DTO>10 AND LINEAS_FAC.DTO>10);

--20
SELECT NOMBRE FROM CLIENTES WHERE UPPER(NOMBRE) LIKE '%MARIA MERCEDES%';
SELECT DISTINCT ARTICULOS.DESCRIP, LINEAS_FAC.CANT, LINEAS_FAC.PRECIO  
FROM ARTICULOS,LINEAS_FAC,FACTURAS,CLIENTES 
WHERE ARTICULOS.CODART = LINEAS_FAC.CODART AND LINEAS_FAC.CODFAC = FACTURAS.CODFAC AND FACTURAS.CODCLI = CLIENTES.CODCLI AND UPPER(CLIENTES.NOMBRE) LIKE '%MARIA MERCEDES%';
